player_id,player_name,team_abbreviation,age,gp,w_pct,min,fgm,fga,fg_pct,fg3m,fg3a,fg3_pct,ftm,fta,ft_pct,oreb,dreb,reb,ast,tov,stl,blk,pts,plus_minus,nba_fantasy_pts,dd2,td3,e_off_rating,e_def_rating,e_net_rating,ast_pct,ast_to,reb_pct,e_tov_pct,efg_pct,ts_pct,usg_pct,pace,pace_per40,pie,year
2544,LeBron James,LAL,36,11,0.636,37,9.6,19.9,0.484,2.9,8.5,0.344,3.6,4.8,0.755,0.5,4.7,5.2,6.8,3.7,1.8,0.7,25.8,0,46.2,3,0,109.9,108.7,1.2,0.296,1.83,0.07,11.4,0.557,0.586,0.292,101.5,84.59,0.147,2021
2546,Carmelo Anthony,LAL,37,23,0.522,28.7,4.9,11.2,0.436,2.7,6.3,0.421,2,2.3,0.833,0.7,3,3.7,0.9,0.8,0.8,0.7,14.3,0.4,23.6,0,0,110.2,108.2,2.1,0.044,1.11,0.062,5.6,0.554,0.588,0.189,102.37,85.31,0.084,2021
2617,Udonis Haslem,MIA,41,4,0.75,4.2,0.8,1.5,0.5,0,0.3,0,0,0,0,0.3,1,1.3,0.3,0,0,0.3,1.5,1.5,4.1,0,0,97.8,80.4,17.4,0.091,0,0.132,0,0.5,0.5,0.133,103.46,86.22,0.123,2021
2730,Dwight Howard,LAL,35,20,0.45,14.7,1.8,2.7,0.667,0.3,0.4,0.714,1.3,2.1,0.619,1.5,3.8,5.3,0.4,1,0.9,0.7,5.2,0.5,15.6,1,0,107.3,105.7,1.6,0.037,0.4,0.173,19.9,0.713,0.711,0.134,101.29,84.41,0.117,2021
2738,Andre Iguodala,GSW,37,12,0.833,20.8,1.5,3.6,0.419,0.4,1.9,0.217,0.3,0.5,0.667,0.7,2.8,3.5,3.8,0.8,0.8,0.8,3.8,9.3,17.6,0,0,109.9,87.4,22.5,0.236,5,0.079,9,0.477,0.493,0.093,100.8,84,0.105,2021
101108,Chris Paul,PHX,36,21,0.857,32.2,5.1,10.8,0.476,1.1,3.1,0.348,3.1,3.7,0.846,0.3,3.9,4.2,10.1,2.3,2.1,0.3,14.5,5.4,39.6,10,0,112.5,102.8,9.7,0.415,4.44,0.063,9.2,0.526,0.584,0.198,101.01,84.17,0.15,2021
101150,Lou Williams,ATL,35,17,0.588,13,2.4,6.1,0.388,0.6,1.6,0.357,1.1,1.2,0.857,0.3,1.2,1.5,1.5,0.7,0.5,0.1,6.4,-0.4,11.5,0,0,105.7,107.3,-1.6,0.184,2.08,0.054,8,0.437,0.481,0.235,100.22,83.52,0.085,2021
200746,LaMarcus Aldridge,BKN,36,20,0.7,22.6,5.8,10.2,0.571,0.5,1.2,0.375,1.5,1.9,0.789,1.5,4.4,5.9,0.9,0.7,0.3,1.2,13.6,3.3,25.7,1,0,112.1,104.4,7.7,0.062,1.31,0.124,5.2,0.594,0.617,0.224,99.82,83.19,0.143,2021
200752,Rudy Gay,UTA,35,7,0.714,18.9,3.7,7.1,0.52,2.4,4.6,0.531,1,1.4,0.7,0.4,4.4,4.9,1.4,0.9,0.1,0.3,10.9,9,19.3,0,0,128.8,103.8,25,0.102,1.67,0.127,8.5,0.69,0.699,0.199,101,84.17,0.129,2021
200765,Rajon Rondo,LAL,35,14,0.357,14.9,1.4,4.5,0.317,0.5,1.8,0.28,0,0,0,0.6,1.9,2.4,3.6,1.6,0.8,0.2,3.4,-0.5,13,0,0,99.3,101.2,-2,0.34,2.17,0.072,16.9,0.373,0.373,0.165,105.77,88.15,0.068,2021
200768,Kyle Lowry,MIA,35,20,0.6,33.8,4.3,10.2,0.417,1.9,6.1,0.306,1.9,2.1,0.905,0.6,4.3,4.8,7.6,2.9,1.2,0.3,12.3,2.9,30.8,4,1,107.6,103.6,4,0.326,2.6,0.07,13.4,0.507,0.551,0.177,99.45,82.88,0.108,2021
200782,P.J. Tucker,MIA,36,22,0.591,27.8,2.6,5.2,0.504,1.1,2.6,0.439,0.4,0.5,0.818,1.7,4,5.7,1.5,0.8,0.6,0.2,6.8,0.8,17.6,2,0,107.2,106.7,0.4,0.081,2,0.102,10,0.613,0.626,0.098,96,80,0.079,2021
200794,Paul Millsap,BKN,36,16,0.688,11.2,0.9,2.9,0.326,0.3,1.3,0.238,0.6,0.8,0.769,0.8,2.6,3.4,0.8,0.5,0.3,0.3,2.8,1.1,9.2,0,0,107.3,101,6.3,0.103,1.5,0.133,11.2,0.38,0.435,0.144,98.59,82.16,0.053,2021
201142,Kevin Durant,BKN,33,20,0.7,35.8,10.4,19.2,0.539,1.9,4.8,0.389,6,7,0.863,0.5,7.1,7.5,5.6,3,0.7,0.7,28.6,4.2,46.9,6,1,110.7,103.9,6.8,0.272,1.85,0.101,9.7,0.587,0.641,0.306,101.72,84.77,0.19,2021
201143,Al Horford,BOS,35,19,0.579,28.8,4.5,9.8,0.46,1.3,4.2,0.304,2.1,2.4,0.848,1.6,6.7,8.3,3.2,1.2,0.7,1.8,12.4,-0.8,33.5,8,0,101.5,101.9,-0.4,0.182,2.73,0.138,7.6,0.524,0.567,0.183,98.96,82.47,0.145,2021
201144,Mike Conley,UTA,34,19,0.737,28.2,4.9,9.9,0.5,2.5,5.7,0.435,1.3,1.5,0.857,0.2,1.6,1.8,5.3,1.7,1.1,0.3,13.6,6.3,26.2,1,0,115.2,103.8,11.4,0.277,3.16,0.032,9.6,0.625,0.646,0.186,99.85,83.21,0.115,2021
201145,Jeff Green,DEN,35,21,0.476,23.9,3.3,7.1,0.463,0.8,2.6,0.309,2.2,2.8,0.793,0.4,2.2,2.6,1.1,0.9,0.2,0.4,9.6,-2.5,15.4,0,0,106.4,112.1,-5.7,0.068,1.21,0.056,8.8,0.52,0.576,0.174,97.23,81.03,0.065,2021
201152,Thaddeus Young,SAS,33,16,0.313,15.6,3.5,5.9,0.596,0,0.1,0,0.3,0.9,0.357,1.6,2,3.6,2.9,1.1,1,0.4,7.3,1.1,18.9,0,0,103.5,103.4,0.1,0.267,2.56,0.107,11,0.596,0.584,0.193,103.05,85.88,0.134,2021
201565,Derrick Rose,NYK,33,18,0.5,23.6,4.8,10.7,0.451,1.6,3.8,0.412,1,1.1,0.947,0.7,2.2,2.9,3.7,1.3,0.9,0.6,12.2,6.9,24.5,0,0,110.6,96.5,14,0.247,2.75,0.056,8.2,0.523,0.546,0.223,98.17,81.81,0.136,2021
201566,Russell Westbrook,LAL,33,23,0.522,36.2,7.7,17.3,0.445,1.3,4.4,0.307,4,5.8,0.684,1.3,6.9,8.2,8.6,4.7,1.3,0.2,20.7,-2,43.1,11,5,103.9,105.6,-1.7,0.373,1.82,0.105,14.2,0.484,0.521,0.278,104.18,86.81,0.133,2021
201567,Kevin Love,CLE,33,14,0.429,20.3,3.6,8.7,0.41,1.6,4.6,0.359,2.4,2.5,0.943,1.1,6.4,7.5,2,1,0.3,0.3,11.1,3.1,23.9,2,0,104,99.8,4.2,0.157,2,0.169,7.8,0.504,0.568,0.216,102.65,85.54,0.167,2021
201568,Danilo Gallinari,ATL,33,19,0.526,20.7,2.5,6.7,0.378,1.3,3.5,0.373,1.6,1.7,0.909,0.6,3.2,3.7,1.2,0.5,0.5,0.2,7.9,-0.9,16,0,0,107.8,109.1,-1.3,0.086,2.56,0.085,5.2,0.476,0.533,0.163,99.54,82.95,0.088,2021
201569,Eric Gordon,HOU,32,18,0.278,29.4,4.6,10.3,0.446,2.2,5.2,0.419,1.6,2.4,0.674,0.2,1.8,2,2.6,2.3,0.6,0.6,13,-2.8,20.7,0,0,100.3,105.7,-5.3,0.142,1.12,0.031,14.3,0.551,0.571,0.194,104.24,86.87,0.078,2021
201571,D.J. Augustin,HOU,34,17,0.176,12.4,1.1,2.8,0.383,0.8,2.1,0.371,0.8,0.9,0.933,0.1,0.6,0.8,1.9,1.2,0.2,0,3.7,-4.1,6.9,0,0,99.8,117,-17.2,0.232,1.65,0.03,18.8,0.521,0.588,0.137,108.12,90.1,0.059,2021
201572,Brook Lopez,MIL,33,1,1,28.2,3,9,0.333,2,4,0.5,0,0,0,2,3,5,0,0,1,3,8,0,26,0,0,113.4,124.5,-11.1,0,0,0.083,0,0.444,0.444,0.129,99.69,83.08,0.044,2021
201577,Robin Lopez,ORL,33,8,0.125,15.2,2.8,4.6,0.595,0,0.1,0,1.3,2,0.625,1.5,1.1,2.6,1,1.1,0,0.6,6.8,-4.6,12.2,0,0,97.3,113.5,-16.2,0.116,0.89,0.078,14.7,0.595,0.613,0.185,97.8,81.5,0.076,2021
201580,JaVale McGee,PHX,33,21,0.857,16,4.5,6.7,0.671,0,0,0,1.1,1.8,0.632,2.2,4.8,7,0.6,1.6,0.3,0.9,10.1,4.2,21.5,3,0,111.6,100.3,11.4,0.063,0.38,0.205,16.7,0.671,0.676,0.228,104.46,87.05,0.167,2021
201586,Serge Ibaka,LAC,32,8,0.5,13.1,1.6,4.8,0.342,0.6,1.9,0.333,0.6,1,0.625,0.9,2.4,3.3,1,0.8,0.3,0.4,4.5,-2,11,0,0,96.4,101,-4.6,0.133,1.33,0.117,10.8,0.408,0.434,0.193,97.92,81.6,0.057,2021
201587,Nicolas Batum,LAC,32,14,0.643,27.6,3.6,6.9,0.521,2.3,5.2,0.438,0.4,0.7,0.5,0.5,5,5.5,1.5,0.8,1.1,0.8,9.8,1.3,23.6,0,0,103.1,101.2,1.9,0.079,1.91,0.093,8.3,0.688,0.682,0.12,102.03,85.02,0.116,2021
201588,George Hill,MIL,35,21,0.667,27.2,2.9,6.3,0.451,1,3,0.339,1.1,1.2,0.96,1,2.7,3.7,2.5,1.1,0.9,0.1,7.9,8.2,17.9,0,0,111.7,97.4,14.3,0.12,2.26,0.062,10.5,0.53,0.573,0.123,100.84,84.03,0.075,2021
201599,DeAndre Jordan,LAL,33,20,0.55,13.8,2.3,3.2,0.703,0,0,0,0.3,0.5,0.6,1.7,4.3,6,0.4,0.8,0.4,0.9,4.8,-2.2,15.4,0,0,97.5,103.8,-6.3,0.042,0.5,0.194,17.3,0.703,0.702,0.125,104.88,87.4,0.136,2021
201609,Goran Dragic,TOR,35,5,0.2,17.9,2.6,6.8,0.382,0.8,2.8,0.286,2,2,1,0.4,2.4,2.8,1.8,0.2,1,0.2,8,-4.4,17.5,0,0,94.9,106.6,-11.7,0.18,9,0.074,2.1,0.441,0.521,0.172,102.69,85.57,0.126,2021
201933,Blake Griffin,BKN,32,17,0.765,21.7,2,6.3,0.318,0.5,3.3,0.161,0.9,1.4,0.696,1.2,3.7,4.9,2,0.5,0.5,0.6,5.5,3.4,17.2,1,0,109.8,101.7,8.1,0.124,3.78,0.109,5.6,0.36,0.397,0.145,102.87,85.73,0.056,2021
201935,James Harden,BKN,32,21,0.714,35.5,6,14.4,0.416,2.7,7.5,0.363,6.2,7,0.897,1,6.9,8,9.3,5,1.5,0.8,21,2.6,46.2,13,4,109.5,104.5,5.1,0.395,1.87,0.108,15.7,0.51,0.599,0.27,101.34,84.45,0.159,2021
201937,Ricky Rubio,CLE,31,22,0.545,29.2,4.5,12.6,0.36,2,5.5,0.352,2.8,3.2,0.859,0.5,3.6,4,6.3,3,1.3,0.1,13.8,4.8,29.3,3,0,106.5,100.8,5.7,0.33,2.06,0.066,13,0.437,0.492,0.244,100.23,83.53,0.102,2021
201939,Stephen Curry,GSW,33,20,0.85,34.3,9.2,20.3,0.452,5.4,13.1,0.412,4.1,4.4,0.943,0.6,5.1,5.7,6.6,3.2,1.8,0.6,27.8,13.4,48.3,6,1,115.1,96.6,18.5,0.306,2.06,0.079,10,0.585,0.627,0.301,103.07,85.89,0.183,2021
201942,DeMar DeRozan,CHI,32,22,0.636,35,9.2,18.8,0.489,0.9,2.6,0.328,6.7,7.5,0.896,0.7,4.5,5.2,4.2,2,1,0.4,25.9,6.9,40.4,1,0,110.9,101,9.9,0.199,2.04,0.073,7.2,0.512,0.587,0.292,101.55,84.63,0.156,2021
201949,James Johnson,BKN,34,13,0.692,16.4,1.7,3.8,0.44,0.2,0.8,0.273,0.4,0.9,0.417,0.9,2.5,3.4,1.4,0.7,0.4,0.4,4,4.3,11.8,1,0,113.3,98.3,15,0.116,2,0.096,10.9,0.47,0.47,0.13,99.01,82.51,0.056,2021
201950,Jrue Holiday,MIL,31,16,0.75,31,5.9,13.8,0.432,1.6,5.1,0.321,1.1,1.6,0.68,0.6,3.9,4.6,5.9,2.4,1.4,0.4,14.6,8.3,32.1,1,0,116.1,103.9,12.3,0.268,2.44,0.068,10.7,0.491,0.504,0.229,100.95,84.12,0.104,2021
201959,Taj Gibson,NYK,36,10,0.5,20.2,1.4,2.9,0.483,0,0.3,0,0.7,0.8,0.875,2.1,3,5.1,0.8,0.9,0.4,1.4,3.5,3.6,15.3,0,0,104.6,93.8,10.9,0.056,0.89,0.108,18.2,0.483,0.538,0.087,97.63,81.36,0.052,2021
201961,Wayne Ellington,LAL,34,15,0.467,20.8,2.2,5.5,0.402,2,5.1,0.395,0.3,0.3,1,0.2,1.4,1.6,0.7,0.4,0.4,0.1,6.7,-0.7,10.9,0,0,108.5,109,-0.5,0.048,1.83,0.037,6,0.585,0.597,0.12,101.7,84.75,0.054,2021
201976,Patrick Beverley,MIN,33,16,0.5,25.4,3.1,6.7,0.458,1.2,3.5,0.339,0.8,1.1,0.706,1.4,2.9,4.4,4.5,1.2,0.9,1,8.1,2.7,24.5,1,0,109.8,104.2,5.6,0.243,3.79,0.079,9.2,0.547,0.563,0.134,99.21,82.67,0.101,2021
201980,Danny Green,PHI,34,15,0.4,23.1,2.7,5.7,0.465,2.1,4.9,0.419,0.3,0.3,1,0.7,1.7,2.3,1.1,0.9,1.6,0.7,7.7,3.7,18,0,0,111.7,103.9,7.8,0.065,1.23,0.05,11.1,0.645,0.655,0.128,98.1,81.75,0.072,2021
201988,Patty Mills,BKN,33,21,0.714,27.9,4.3,9.4,0.457,3.1,6.6,0.478,0.5,0.5,0.909,0.3,1.5,1.8,2.5,0.8,0.5,0.2,12.2,6.9,19.4,0,0,115.5,104.4,11.1,0.121,3.06,0.03,6.3,0.624,0.634,0.16,101.22,84.35,0.081,2021
202066,Garrett Temple,NOP,35,22,0.273,18.3,1.9,4.8,0.4,1,2.8,0.371,0.8,1,0.773,0.6,1.8,2.4,1,0.9,0.9,0.5,5.6,-8.9,13.5,0,0,95.9,119.3,-23.4,0.091,1.21,0.064,12.1,0.51,0.541,0.138,100.39,83.66,0.06,2021
202324,Derrick Favors,OKC,30,16,0.375,16.7,2.6,5.3,0.488,0.1,0.5,0.25,0.5,0.9,0.571,1.5,3.5,5,0.4,0.3,0.5,0.1,5.8,-5.9,13.9,1,0,93.9,110.2,-16.4,0.039,1.2,0.134,4.9,0.5,0.51,0.152,99.29,82.74,0.098,2021
202326,DeMarcus Cousins,MIL,31,1,1,14.6,3,5,0.6,1,2,0.5,0,0,0,1,3,4,1,0,1,0,7,9,16.3,0,0,147.1,117.9,29.2,0.067,0,0.143,0,0.7,0.7,0.139,105.21,87.67,0.109,2021
202330,Gordon Hayward,CHA,31,24,0.542,33.8,6.1,13.2,0.462,1.8,4.4,0.406,3.3,3.9,0.849,0.9,4,4.9,3.5,1.9,0.9,0.6,17.3,-0.5,30.9,1,0,109.2,109.5,-0.3,0.146,1.8,0.067,9.5,0.53,0.58,0.205,104.79,87.33,0.102,2021
202331,Paul George,LAC,31,21,0.524,35.5,9.5,22,0.431,2.9,8.8,0.332,4,4.5,0.895,0.4,6.9,7.3,5.1,4.3,1.8,0.4,25.9,0.5,44.6,5,0,104.4,103.1,1.3,0.265,1.19,0.097,12.8,0.497,0.54,0.34,100.07,83.39,0.147,2021
202334,Ed Davis,CLE,32,8,0.5,9.4,0.9,1.3,0.7,0,0,0,0.1,0.3,0.5,0.5,3,3.5,0.1,0.4,0.3,0.5,1.9,-4,8.1,0,0,92.8,117.1,-24.3,0.022,0.33,0.184,20.2,0.7,0.689,0.081,96.11,80.09,0.108,2021
202339,Eric Bledsoe,LAC,31,22,0.5,27.9,3.6,8.6,0.421,0.9,3.1,0.279,1.7,2,0.822,0.7,3.5,4.3,3.4,2.2,1.4,0.5,9.8,-3.7,23.4,1,0,101.4,106.5,-5,0.184,1.54,0.072,14.5,0.471,0.515,0.177,100.43,83.69,0.087,2021
202340,Avery Bradley,LAL,31,21,0.476,22.3,1.9,5,0.381,1,3,0.349,0.1,0.1,1,0.5,2,2.5,0.9,0.6,0.6,0.2,5,-5.1,11.1,0,0,99.3,107.9,-8.6,0.054,1.5,0.054,8.8,0.486,0.491,0.106,102.26,85.21,0.042,2021
202355,Hassan Whiteside,UTA,32,21,0.667,15.4,2.8,4.8,0.58,0,0,0,1.4,2,0.698,2,4.5,6.5,0.2,1,0.2,1.3,7,3.7,18.9,2,0,113.7,103,10.7,0.022,0.24,0.2,14.5,0.58,0.614,0.178,101.14,84.28,0.118,2021
202357,Nemanja Bjelica,GSW,33,21,0.857,14.3,2.2,4.9,0.451,0.9,2.4,0.36,0.9,1.1,0.792,0.9,3,4,1.6,1.1,0.7,0.3,6.1,5.5,15.1,1,0,113.1,96.2,16.9,0.157,1.38,0.134,14.2,0.539,0.573,0.19,102.39,85.33,0.12,2021
202397,Ish Smith,CHA,33,17,0.529,12.6,1.9,4.8,0.39,0.1,0.1,0.5,0.2,0.5,0.375,0.1,1,1.1,2.2,0.9,0.4,0.2,4,-3.3,9.6,0,0,101.2,114.9,-13.7,0.259,2.47,0.04,10.9,0.396,0.398,0.19,105.06,87.55,0.058,2021
202683,Enes Freedom,BOS,29,11,0.545,12.7,1.6,3.9,0.419,0.1,0.3,0.333,1.3,1.5,0.875,2.3,3.5,5.8,0.2,0.7,0.2,0.5,4.6,3.9,13.3,1,0,110.9,99.2,11.8,0.021,0.25,0.198,13.3,0.43,0.51,0.164,96.93,80.78,0.12,2021
202684,Tristan Thompson,SAC,30,15,0.4,14.1,2.3,4.5,0.507,0,0,0,1,2,0.5,2.4,3.2,5.6,0.7,0.7,0.3,0.4,5.5,-3.7,14.8,0,0,103.4,116.1,-12.7,0.073,1,0.176,10,0.507,0.517,0.17,101.75,84.79,0.098,2021
202685,Jonas Valanciunas,NOP,29,24,0.25,31.3,7.1,14.2,0.503,1.3,2.6,0.484,3.3,3.8,0.868,3.4,8.8,12.1,2.4,2,0.6,0.8,18.8,-4.4,39.1,17,0,101.8,111.7,-9.9,0.133,1.16,0.188,10.1,0.547,0.593,0.244,97.95,81.63,0.161,2021
202689,Kemba Walker,NYK,31,18,0.556,24.5,4.2,9.8,0.429,2.1,5.1,0.413,1.1,1.4,0.8,0.1,2.4,2.6,3.1,1.3,1.1,0.3,11.7,-6.8,22,0,0,101.5,115.3,-13.8,0.206,2.29,0.05,9,0.537,0.559,0.208,98.85,82.37,0.101,2021
202692,Alec Burks,NYK,30,21,0.524,23.1,3.6,8.4,0.426,2.1,4.8,0.446,1.9,2.3,0.796,0.3,3.5,3.9,2,0.8,1.1,0.3,11.1,1.7,22.4,0,0,106.8,101,5.8,0.138,2.56,0.077,6.3,0.554,0.592,0.188,97.83,81.52,0.119,2021
202693,Markieff Morris,MIA,32,10,0.7,18.7,3.2,7,0.457,0.8,2.2,0.364,0.5,0.5,1,1.3,1.5,2.8,1.4,1.2,0.3,0.1,7.7,2.7,13.2,0,0,116.3,107.9,8.4,0.102,1.17,0.073,12.2,0.514,0.533,0.19,99.51,82.93,0.055,2021
202694,Marcus Morris Sr.,LAC,32,6,0.167,27.5,3.2,9.8,0.322,1.2,4.8,0.241,0.8,1,0.833,0.3,3.2,3.5,2,1.5,0.5,0.7,8.3,-7.5,17.5,0,0,101.7,112.7,-11.1,0.109,1.33,0.058,10.9,0.381,0.406,0.18,99.75,83.12,0.03,2021
202696,Nikola Vucevic,CHI,31,15,0.667,33,6,14.3,0.421,1.4,4.2,0.333,1.1,1.7,0.615,1.7,9.5,11.2,4.1,1.7,1.1,1.1,14.5,6.3,38.8,9,0,109,101.1,7.9,0.183,2.48,0.167,8,0.47,0.481,0.221,100.41,83.67,0.127,2021
202699,Tobias Harris,PHI,29,14,0.429,34.1,7.8,16.4,0.476,1.2,4.1,0.298,2.4,2.9,0.829,1,7.2,8.2,3.7,1.7,0.4,0.5,19.2,-0.3,35.7,3,0,107.7,107.8,-0.1,0.191,2.17,0.119,7.4,0.513,0.544,0.254,96.66,80.55,0.14,2021
202704,Reggie Jackson,LAC,31,22,0.5,33.3,6.5,16.4,0.399,2.8,8.4,0.335,1.4,1.7,0.816,0.6,3,3.6,3.8,1.9,0.7,0.1,17.3,1.6,27.8,1,0,105.2,102.6,2.6,0.183,2,0.05,8.3,0.485,0.504,0.246,100.62,83.85,0.087,2021
202709,Cory Joseph,DET,30,21,0.19,21.7,2.3,5.3,0.438,0.6,1.9,0.308,1.5,1.8,0.816,0.3,1.5,1.9,3.5,1.4,0.9,0.2,6.7,-2.4,16,0,0,100.3,107.4,-7.1,0.253,2.55,0.042,12.5,0.491,0.548,0.146,100.18,83.48,0.083,2021
202710,Jimmy Butler,MIA,32,17,0.647,34.2,7.9,15.3,0.519,0.4,1.8,0.2,7.4,8.6,0.85,1.6,4.2,5.8,5.3,1.9,2.1,0.3,23.6,2.6,43.8,3,1,108.3,105.1,3.2,0.275,2.73,0.084,7.4,0.531,0.618,0.269,96.54,80.45,0.19,2021
202711,Bojan Bogdanovic,UTA,32,21,0.667,30.1,5.6,12.2,0.461,2.4,6,0.397,3.3,3.6,0.92,0.8,3.3,4.1,1.9,1.6,0.4,0,16.9,6.4,24.4,0,0,114.6,104,10.6,0.09,1.15,0.066,9.4,0.559,0.614,0.217,99.49,82.91,0.11,2021
202722,Davis Bertans,WAS,29,12,0.667,16.2,1.6,5.5,0.288,1.2,4.4,0.264,1.2,1.2,1,0.3,1.7,1.9,0.5,0.4,0.2,0,5.5,-1.8,8.6,0,0,102.7,113.3,-10.7,0.043,1.2,0.057,6,0.394,0.457,0.161,102.89,85.74,0.034,2021
202954,Brad Wanamaker,IND,32,12,0.333,12.8,1.1,3.4,0.317,0.3,1.1,0.308,1.3,1.4,0.882,0.3,1.5,1.8,2.1,1.2,0.2,0.4,3.8,-0.8,9.6,0,0,105.4,106.3,-0.9,0.231,1.79,0.066,16,0.366,0.464,0.165,102.78,85.65,0.049,2021
203076,Anthony Davis,LAL,28,22,0.5,35.7,9.7,18.7,0.518,0.4,2.1,0.196,4.5,6.2,0.728,2.9,7.1,10,3,2,1.3,2.3,24.3,-3,49.6,10,0,103.7,106.3,-2.6,0.149,1.52,0.131,7.6,0.529,0.567,0.271,102.54,85.45,0.162,2021
203078,Bradley Beal,WAS,28,19,0.579,36,8.7,20.1,0.435,1.7,6.3,0.269,3.6,4,0.895,0.9,4.2,5.1,6.2,3.8,1,0.3,22.7,0.8,38.3,1,0,106,105.1,0.9,0.291,1.63,0.068,11.9,0.476,0.52,0.307,98.56,82.13,0.12,2021
203081,Damian Lillard,POR,31,20,0.5,35.7,7.3,18.4,0.397,2.8,9.1,0.302,4.1,4.5,0.911,0.4,3.6,4,7.8,2.6,0.7,0.4,21.5,1.6,38.4,6,0,111.9,111.1,0.8,0.331,3,0.055,8.4,0.471,0.526,0.272,99.91,83.26,0.12,2021
203082,Terrence Ross,ORL,30,22,0.227,24.8,3.4,8.8,0.381,1.3,4.5,0.296,1.6,2,0.778,0.2,1.8,2,2,1.4,0.5,0.2,9.6,-10.4,15.7,0,0,93.9,115.6,-21.7,0.137,1.45,0.037,10.7,0.456,0.496,0.184,100.37,83.64,0.06,2021
203083,Andre Drummond,PHI,28,21,0.476,21.9,2.7,5.7,0.471,0,0,0,1.2,2.2,0.565,3.4,7.3,10.7,2.1,1.8,0.9,1.2,6.6,0.2,27,4,0,110.3,108.4,1.9,0.134,1.16,0.24,17.2,0.471,0.496,0.168,97.89,81.57,0.12,2021
203084,Harrison Barnes,SAC,29,19,0.368,35,5.8,12.1,0.478,1.9,4.9,0.398,5.5,6.5,0.846,1.4,5.8,7.2,2.4,2.1,1,0.2,19,-3.4,32.6,4,0,108.3,112.8,-4.5,0.102,1.18,0.098,10.6,0.559,0.635,0.204,102.04,85.03,0.125,2021
203085,Austin Rivers,DEN,29,18,0.556,17.5,1.5,4.3,0.346,0.7,2.7,0.271,0.2,0.3,0.5,0.4,1.1,1.4,0.8,0.6,0.5,0.1,3.9,-2.8,8.1,0,0,104.3,111.4,-7.2,0.067,1.4,0.043,9.6,0.429,0.434,0.131,95.02,79.18,0.026,2021
203087,Jeremy Lamb,IND,29,17,0.294,13.7,2.3,5.5,0.415,1.2,2.9,0.408,1.6,1.6,1,0.3,2.3,2.6,1.1,0.5,0.5,0.4,7.4,0.4,14.3,0,0,107.6,106.8,0.7,0.117,2.25,0.087,6,0.521,0.593,0.2,102.27,85.23,0.129,2021
203090,Maurice Harkless,SAC,28,16,0.438,20.5,1.6,4.1,0.385,0.6,2.5,0.225,0.5,0.7,0.727,0.2,2.6,2.8,0.6,0.4,0.5,0.5,4.2,-0.3,11,0,0,104.9,104.7,0.2,0.035,1.29,0.064,8.2,0.454,0.48,0.102,101.33,84.44,0.043,2021
203095,Evan Fournier,NYK,29,21,0.524,28.4,4.7,11.4,0.414,2.6,6.5,0.394,1.1,1.4,0.767,0.5,2.3,2.9,1.7,1.3,0.9,0.2,13.1,-3.1,20.8,0,0,104.3,110.2,-5.9,0.092,1.25,0.047,8.9,0.527,0.545,0.199,98.62,82.18,0.073,2021
203107,Tomas Satoransky,NOP,30,19,0.263,15.5,1.1,3.2,0.333,0.2,0.7,0.214,0.5,0.7,0.692,0.6,1.4,2,2.2,0.7,0.4,0,2.7,-5.3,8.8,0,0,97,114.1,-17.1,0.218,3,0.065,11.5,0.358,0.396,0.116,97.33,81.1,0.045,2021
203109,Jae Crowder,PHX,31,21,0.857,27.8,3,8,0.381,1.9,5.5,0.336,1,1.2,0.769,0.5,4.2,4.7,1.4,0.8,1.3,0.5,8.9,5.5,21.2,0,0,115,103.5,11.5,0.063,1.88,0.083,7.1,0.497,0.521,0.144,100.5,83.75,0.068,2021
203110,Draymond Green,GSW,31,20,0.85,30.1,3.3,5.9,0.551,0.3,1,0.316,1.4,2.3,0.6,1.3,6.7,8,7.7,3.2,1.1,0.9,8.2,7,32,2,0,111.1,100.4,10.6,0.331,2.43,0.129,17.8,0.576,0.591,0.142,102.27,85.22,0.123,2021
203114,Khris Middleton,MIL,30,14,0.786,30.2,5.9,14.4,0.413,2,5.9,0.337,3.3,3.8,0.868,0.4,4.9,5.2,4.9,2.9,1.4,0.1,17.1,4.1,32.5,0,0,109.5,102.5,7,0.239,1.7,0.079,12,0.483,0.535,0.252,104.77,87.31,0.119,2021
203115,Will Barton,DEN,30,19,0.474,33.5,6.2,13.7,0.452,2.5,6.4,0.388,1.2,1.6,0.71,0.6,4.7,5.3,4.2,1.8,0.9,0.4,16.1,1.6,31,0,0,104.4,103,1.4,0.194,2.35,0.077,8.7,0.542,0.555,0.211,98.72,82.27,0.119,2021
203145,Kent Bazemore,LAL,32,17,0.471,20.4,1.6,4.8,0.333,0.8,2.5,0.302,0.6,0.8,0.769,0.2,1.8,2.1,0.9,0.5,0.9,0.3,4.5,-3.8,11.6,0,0,98.2,105.8,-7.6,0.056,1.88,0.046,7.3,0.414,0.444,0.11,104.97,87.47,0.027,2021
203200,Justin Holiday,IND,32,23,0.391,28.1,3.6,9,0.398,2.4,6.7,0.357,0.3,0.5,0.727,0.3,2.6,2.8,1.7,0.9,0.5,0.3,9.9,1.3,17.3,0,0,105.7,104.3,1.4,0.082,1.81,0.047,7.8,0.532,0.538,0.152,99.19,82.65,0.059,2021
203210,JaMychal Green,DEN,31,20,0.45,14.8,2.2,5,0.43,0.5,2.2,0.205,0.7,0.9,0.778,1,2.5,3.5,0.8,1.3,0.9,0.4,5.5,-6.1,13.4,0,0,94.1,114.3,-20.1,0.091,0.64,0.116,16.8,0.475,0.505,0.194,97.32,81.1,0.068,2021
203457,Nerlens Noel,NYK,27,9,0.444,24.1,1.6,3,0.519,0,0.2,0,1,1,1,2.3,3.7,6,0.7,1.1,1.1,1.4,4.1,2.7,18.9,0,0,113.4,105,8.4,0.038,0.6,0.123,21.3,0.519,0.598,0.083,99.01,82.51,0.063,2021
203458,Alex Len,SAC,28,15,0.4,16.5,2.3,4.3,0.538,0.4,0.9,0.462,1.1,1.7,0.68,0.9,2.9,3.9,1.1,1.1,0.2,1,6.2,-1.9,14.9,0,0,102.3,106.9,-4.5,0.094,0.94,0.108,15.6,0.585,0.612,0.158,103.12,85.93,0.071,2021
203463,Ben McLemore,POR,28,7,0.571,7.8,1.6,3.6,0.44,1.3,3.3,0.391,0.7,0.7,1,0.3,0.3,0.6,0.3,0.7,0.1,0,5.1,-2.7,6,0,0,85.8,102.4,-16.7,0.077,0.4,0.033,14.6,0.62,0.662,0.234,106.6,88.83,0.106,2021
203468,CJ McCollum,POR,30,22,0.5,35.5,8,18.7,0.427,3.3,8.2,0.398,1.4,1.9,0.732,1.1,3.1,4.3,4.5,1.9,1,0.6,20.6,-0.5,35.7,0,0,110.9,111.5,-0.6,0.203,2.41,0.059,7.2,0.515,0.528,0.257,99.14,82.61,0.101,2021
203469,Cody Zeller,POR,29,21,0.524,13.1,1.7,2.8,0.61,0,0.2,0,1.6,2.1,0.756,1.7,2.6,4.2,0.9,0.7,0.3,0.1,5,-1.5,12.2,0,0,109.2,112.7,-3.5,0.091,1.29,0.157,12.6,0.61,0.673,0.142,101.15,84.29,0.097,2021
203471,Dennis Schroder,BOS,28,21,0.524,33.1,6.1,14.1,0.434,1.5,4.5,0.33,3.1,3.5,0.89,0.8,3,3.8,4.8,2.8,1,0,16.9,1.1,28.8,0,0,104.4,102.3,2.2,0.246,1.71,0.055,12.1,0.487,0.538,0.242,98.17,81.81,0.103,2021
203473,Dewayne Dedmon,MIA,32,22,0.591,14.7,2,3.7,0.549,0.2,0.4,0.5,1.3,1.6,0.778,1.7,3.5,5.3,0.5,0.9,0.4,0.4,5.5,4,14.1,1,0,116.7,102.3,14.4,0.052,0.63,0.18,14.7,0.573,0.623,0.152,98.32,81.94,0.112,2021
203476,Gorgui Dieng,ATL,31,19,0.526,8.4,0.8,2.1,0.375,0.2,0.9,0.235,0.5,0.7,0.643,1,2.5,3.5,0.7,0.6,0.3,0.3,2.3,0.6,8.5,0,0,98.1,93.2,4.9,0.135,1.18,0.184,15.7,0.425,0.466,0.146,101.92,84.93,0.106,2021
203482,Kelly Olynyk,DET,30,10,0.2,22.9,4.5,9.8,0.459,1.4,4.1,0.341,2.1,3.5,0.6,1.3,4,5.3,2.3,1.5,1.4,0.7,12.5,-3.7,27.1,1,0,103.2,111.3,-8.2,0.167,1.53,0.119,9.9,0.531,0.551,0.232,100.94,84.11,0.117,2021
203484,Kentavious Caldwell-Pope,WAS,28,22,0.636,29.4,3.9,9.1,0.428,2.1,5.4,0.387,1.3,1.5,0.875,0.6,3,3.7,1.5,1.1,1.4,0.4,11.2,-1.2,22,0,0,105.7,107.1,-1.4,0.077,1.36,0.061,9.1,0.542,0.572,0.161,98.86,82.38,0.08,2021
203486,Mason Plumlee,CHA,31,20,0.6,26.1,3,5,0.596,0,0,0,0.9,2.6,0.346,2.6,4.7,7.3,2.8,1.2,0.9,1,6.8,-0.5,24,3,0,104.5,105.2,-0.7,0.144,2.29,0.124,11.9,0.596,0.558,0.116,102.04,85.03,0.084,2021
203488,Mike Muscala,OKC,30,15,0.333,14.4,2.6,5.8,0.448,1.6,3.7,0.436,1.5,1.9,0.793,0.4,2.8,3.2,0.6,0.5,0.4,0.7,8.3,1.5,15.8,0,0,99.1,97.2,1.9,0.071,1.29,0.099,6,0.586,0.627,0.202,100.59,83.83,0.152,2021
203490,Otto Porter Jr.,GSW,28,19,0.842,18.8,2.7,5.6,0.477,1.7,4,0.434,0.6,0.8,0.75,0.8,3.9,4.7,1.2,0.7,0.9,0.4,7.7,6.4,18.4,1,0,111.3,94.1,17.2,0.087,1.69,0.122,8.7,0.631,0.645,0.151,100.78,83.98,0.131,2021
203493,Reggie Bullock,DAL,30,19,0.526,22.7,2.1,5.9,0.357,1.2,4.2,0.288,0.2,0.4,0.571,0.2,2.6,2.8,0.7,0.6,0.3,0.1,5.6,-0.5,10.5,0,0,102.8,104.5,-1.7,0.043,1.18,0.059,7.9,0.46,0.465,0.126,97.66,81.38,0.039,2021
203496,Robert Covington,POR,30,22,0.5,26.4,2.4,5.9,0.403,1.7,4.5,0.37,0.1,0.1,1,0.4,4,4.5,1.2,1,1,1,6.5,0.6,19.1,0,0,109.7,109.5,0.2,0.06,1.29,0.082,11.8,0.547,0.552,0.112,100.41,83.67,0.063,2021
203497,Rudy Gobert,UTA,29,21,0.667,31.4,5.4,7.4,0.731,0,0,0,4.3,6.4,0.667,2.9,11.6,14.5,1,1.9,1,2.1,15.1,7,41.4,16,0,113.6,102.3,11.3,0.046,0.5,0.223,14.5,0.731,0.738,0.168,99.68,83.06,0.182,2021
203500,Steven Adams,MEM,28,21,0.524,24.4,2.4,4.9,0.495,0,0,0,1.6,2.3,0.688,3.5,4.5,8,2.8,1.5,0.9,0.8,6.4,-1.3,23.5,1,0,109.9,113,-3.1,0.142,1.81,0.158,14.9,0.495,0.544,0.125,99.84,83.2,0.096,2021
203501,Tim Hardaway Jr.,DAL,29,20,0.55,32.6,5.1,13,0.39,2.5,7.1,0.345,1.6,2.1,0.738,0.3,3.4,3.7,2.4,0.6,1,0.1,14.1,-2.5,24.7,0,0,109.1,111.5,-2.4,0.109,4.36,0.055,3.3,0.485,0.508,0.193,97.4,81.17,0.075,2021
203503,Tony Snell,POR,30,16,0.5,10.5,0.7,2.1,0.324,0.6,1.8,0.321,0.1,0.1,1,0.1,1.1,1.1,0.4,0.1,0.2,0.1,2,-0.6,4.7,0,0,107.4,113.8,-6.4,0.048,3,0.054,4.7,0.456,0.465,0.094,96.2,80.17,0.03,2021
203504,Trey Burke,DAL,29,11,0.273,10.9,2.5,4.9,0.5,0.7,1.7,0.421,0.9,1,0.909,0,0.7,0.7,1.5,0.9,0.5,0,6.5,2.3,10.1,0,0,110.2,99,11.1,0.225,1.6,0.034,11.8,0.574,0.612,0.265,99.32,82.77,0.128,2021
203507,Giannis Antetokounmpo,MIL,26,21,0.667,32.7,9.8,18.4,0.532,1.1,4.1,0.276,6.9,10.2,0.673,1.9,10,11.8,6,3.2,1.1,1.7,27.6,9.6,56,13,0,112.6,99.4,13.1,0.312,1.88,0.166,9.9,0.563,0.603,0.335,102.5,85.41,0.213,2021
203524,Solomon Hill,ATL,30,11,0.636,11.1,0.2,1.6,0.111,0.2,1.1,0.167,0,0,0,0.5,1.3,1.7,1,0.1,0.4,0.2,0.5,2.9,5.7,0,0,111.6,100.1,11.5,0.115,11,0.075,3.3,0.167,0.167,0.065,100.02,83.35,0.012,2021
203526,Raul Neto,WAS,29,21,0.619,19.7,2.9,6.4,0.455,0.4,1.6,0.235,1.1,1.6,0.697,0.1,1.8,2,2.4,1.3,0.8,0,7.3,0.7,14.4,0,0,108,104.8,3.2,0.182,1.89,0.049,11.9,0.485,0.515,0.183,99.65,83.04,0.071,2021
203552,Seth Curry,PHI,31,20,0.5,34,5.9,11.5,0.513,2.3,5.3,0.425,2.2,2.4,0.917,0.5,2.4,2.9,2.6,1.7,0.9,0.1,16.3,1.4,24.7,0,0,108.3,107.4,0.8,0.118,1.55,0.042,9.8,0.611,0.647,0.184,96.38,80.31,0.092,2021
203585,Rodney McGruder,DET,30,9,0,5.3,0.6,1.6,0.357,0.2,0.9,0.25,0.2,0.2,1,0.2,0.4,0.7,0.3,0.1,0,0.1,1.6,1.7,3.1,0,0,103,91.8,11.2,0.094,3,0.06,5.3,0.429,0.47,0.139,102.35,85.3,0.066,2021
203648,Thanasis Antetokounmpo,MIL,29,18,0.556,12.8,1.4,3,0.463,0,0.3,0,0.6,0.9,0.588,1.1,2.1,3.2,0.8,0.6,0.5,0.1,3.3,-3.2,9.5,0,0,99,108.8,-9.8,0.093,1.27,0.121,12.7,0.463,0.488,0.135,102.61,85.51,0.063,2021
203897,Zach LaVine,CHI,26,22,0.636,34.7,9.4,19.2,0.487,2.9,7.5,0.384,3.7,4.3,0.863,0.4,4.8,5.2,3.7,2.6,0.5,0.3,25.3,1.6,36.9,0,0,107.8,105.6,2.2,0.187,1.41,0.074,9.6,0.561,0.599,0.297,99.71,83.09,0.141,2021
203901,Elfrid Payton,PHX,27,7,0.714,12.4,2.4,4.7,0.515,0,0.1,0,0.6,1.1,0.5,0.7,2,2.7,2.6,1.1,0.4,0,5.4,-2.3,12.7,0,0,103.9,110,-6,0.305,2.25,0.1,12.8,0.515,0.52,0.208,105.2,87.67,0.108,2021
203903,Jordan Clarkson,UTA,29,21,0.667,25.1,5.4,14.3,0.38,2.7,8.9,0.299,1.8,2.2,0.826,0.8,2.4,3.2,2.1,1.3,0.7,0.2,15.3,7.7,23.8,0,0,113,99.2,13.9,0.136,1.61,0.059,7.1,0.473,0.503,0.272,99.25,82.71,0.095,2021
203914,Gary Harris,ORL,27,17,0.176,24.8,2.8,7.2,0.39,0.8,3.2,0.241,0.4,0.4,0.857,0.8,1.2,1.9,1.8,1.1,0.7,0.1,6.8,-9,13.2,0,0,93.7,112.2,-18.5,0.11,1.67,0.037,10.3,0.443,0.456,0.144,99.62,83.02,0.037,2021
203915,Spencer Dinwiddie,WAS,28,19,0.632,29.8,4.8,12.1,0.402,2,5.7,0.352,2.4,2.7,0.885,0.7,4.5,5.2,5.5,1.6,0.3,0.2,14.1,-1.1,28.5,3,0,102.7,104.6,-1.9,0.293,3.47,0.079,7.8,0.485,0.532,0.211,100.5,83.75,0.121,2021
203918,Rodney Hood,MIL,29,15,0.6,14.6,1.1,3.1,0.34,0.7,2.2,0.333,0.5,0.5,1,0.3,1.7,1.9,0.7,0.1,0.3,0,3.3,-1.3,7.4,0,0,100.7,104.1,-3.4,0.076,5.5,0.062,3.2,0.457,0.499,0.101,101.47,84.56,0.061,2021
203920,Khem Birch,TOR,29,15,0.467,22.9,2.7,5.3,0.5,0,0.4,0,1.6,2.2,0.727,3.2,2.5,5.7,1.3,0.6,1,0.5,6.9,1.3,19.5,0,0,109.2,107.6,1.6,0.08,2.22,0.12,7.3,0.5,0.55,0.121,97.68,81.4,0.094,2021
203924,Jerami Grant,DET,27,20,0.2,32.8,6.4,15.9,0.404,1.8,5.6,0.321,4.9,5.8,0.836,1,3.8,4.7,2.5,2.1,1.2,1,19.5,-7.7,33,1,0,94.4,106,-11.6,0.145,1.2,0.066,9,0.461,0.528,0.262,99.44,82.87,0.114,2021
203925,Joe Harris,BKN,30,14,0.714,30.2,4,8.9,0.452,2.9,6.3,0.466,0.4,0.4,0.833,0.4,3.6,4,1,1.1,0.5,0.1,11.3,1.1,18.4,0,0,106.3,104.5,1.8,0.047,0.88,0.064,10.2,0.617,0.624,0.146,102.31,85.26,0.068,2021
203926,Doug McDermott,SAS,29,12,0.25,25.6,3.9,8.8,0.448,2.1,4.8,0.439,0.5,0.8,0.667,0.4,1.8,2.3,1.2,0.7,0.2,0,10.4,-4.5,14.7,0,0,100.7,108.5,-7.7,0.062,1.75,0.042,6.1,0.567,0.574,0.16,103.26,86.05,0.062,2021
203932,Aaron Gordon,DEN,26,21,0.476,32.1,5.4,10.4,0.521,1,2.9,0.344,2.2,3,0.742,1.9,4.3,6.1,2.3,1.5,0.5,0.8,14,4.9,27.3,2,0,111.3,105.3,6,0.102,1.53,0.097,9.8,0.568,0.599,0.183,96.28,80.23,0.102,2021
203935,Marcus Smart,BOS,27,21,0.571,34.8,3.8,9.9,0.386,1.4,5,0.288,1.9,2.5,0.75,0.5,3.4,4,5.8,1.9,2.1,0.3,10.9,4.9,29.7,0,0,107.8,101,6.8,0.236,3.03,0.054,10.2,0.459,0.498,0.157,98.77,82.31,0.09,2021
203937,Kyle Anderson,MEM,28,21,0.524,21.6,3.1,7.3,0.429,0.9,2.4,0.36,0.7,0.9,0.789,1.1,4.1,5.2,2.4,1,0.9,0.5,7.9,-7.2,20.8,0,0,102.5,115.4,-12.9,0.161,2.5,0.116,8.6,0.487,0.508,0.163,102.47,85.4,0.101,2021
203939,Dwight Powell,DAL,30,20,0.55,19.7,2.4,4,0.595,0.3,0.8,0.4,1.2,1.8,0.657,2.1,2.6,4.7,1.1,0.8,0.6,0.7,6.2,-4.2,16.3,0,0,102.8,111.7,-9,0.082,1.4,0.118,11.5,0.633,0.651,0.121,97.7,81.42,0.081,2021
203944,Julius Randle,NYK,27,21,0.524,35.2,7,16.7,0.417,1.8,5.4,0.325,3.8,5,0.76,1.8,8.3,10.1,5.1,3.2,0.7,0.7,19.4,-3.5,40.2,11,0,103.4,108.9,-5.5,0.249,1.59,0.134,11.9,0.47,0.515,0.27,97.98,81.65,0.13,2021
203952,Andrew Wiggins,GSW,26,21,0.857,30.3,7,14.2,0.49,1.9,5,0.371,2.8,3.9,0.728,1.1,3.3,4.5,1.6,1.7,0.9,0.6,18.6,7,28.9,0,0,111.3,99.5,11.8,0.084,0.94,0.071,8.9,0.555,0.584,0.245,101.45,84.54,0.112,2021
203953,Jabari Parker,BOS,26,7,0.286,10.8,1.9,3.4,0.542,0.7,1.3,0.556,0.9,0.9,1,0.4,2,2.4,0.6,0.7,0.4,0.1,5.3,-2.1,10.1,0,0,106,114.5,-8.6,0.091,0.8,0.106,14,0.646,0.694,0.183,100.64,83.86,0.111,2021
203954,Joel Embiid,PHI,27,12,0.667,32.2,6.6,16.2,0.407,1.4,3.5,0.405,7.4,9.8,0.754,2.2,8.8,10.9,4.2,2.8,0.9,1.7,22,4.8,46.3,5,0,108.5,101.6,6.9,0.22,1.47,0.165,10.3,0.451,0.537,0.33,96.72,80.6,0.166,2021
203991,Clint Capela,ATL,27,22,0.545,29.8,5.4,9.1,0.587,0,0,0,1.2,2.3,0.52,3.9,8.6,12.5,1.3,0.6,1,1.5,11.9,2.4,35.6,15,0,115.1,110.9,4.2,0.059,2.23,0.205,4.9,0.587,0.587,0.155,99.07,82.56,0.135,2021
203992,Bogdan Bogdanovic,ATL,29,20,0.55,28.2,4.5,10,0.447,2.2,5.5,0.391,0.6,0.7,0.786,0.4,3.2,3.6,2.5,0.9,0.7,0.2,11.6,2.8,21.2,0,0,116.2,110.9,5.3,0.113,2.72,0.061,6.6,0.555,0.565,0.169,98.97,82.48,0.077,2021
203994,Jusuf Nurkic,POR,27,22,0.5,24.7,4.9,8.2,0.591,0.2,0.8,0.235,2.6,3.5,0.744,2.7,8.1,10.8,2.4,1.9,1.2,0.5,12.5,2.9,32.5,9,0,109.9,106.5,3.3,0.141,1.27,0.21,13.3,0.602,0.641,0.201,100.56,83.8,0.16,2021
203999,Nikola Jokic,DEN,26,16,0.563,32.7,10,17.3,0.58,1.6,4.3,0.382,4.1,5.4,0.756,2.6,11.1,13.8,6.4,3.2,1.2,0.8,25.7,8.7,54.7,13,2,110.6,98.8,11.8,0.334,2.02,0.208,10.9,0.627,0.655,0.303,97.1,80.91,0.242,2021
204001,Kristaps Porzingis,DAL,26,15,0.533,30.3,7.1,15.5,0.459,1.7,5.5,0.301,3.7,4.3,0.875,2.3,5.7,8,1.9,1.4,0.9,1.7,19.7,-2.1,38.4,5,0,104.5,107.7,-3.1,0.11,1.38,0.127,6.7,0.513,0.565,0.266,98.71,82.26,0.144,2021
204060,Joe Ingles,UTA,34,21,0.667,24.9,2.8,6,0.457,2,4.9,0.408,0.4,0.4,0.889,0.5,2.6,3,3.2,1,0.6,0.1,7.9,5.5,17.5,0,0,110.9,101.5,9.4,0.179,3.35,0.059,9.2,0.622,0.634,0.123,99.1,82.59,0.091,2021
204456,T.J. McConnell,IND,29,24,0.375,24.2,3.8,7.5,0.503,0.3,1,0.28,0.5,0.6,0.8,0.8,2.5,3.3,4.8,1.2,1,0.4,8.4,-2.4,22.6,1,0,106.3,109.6,-3.4,0.287,4.11,0.067,8.5,0.522,0.536,0.155,100.88,84.07,0.109,2021
1626145,Tyus Jones,MEM,25,21,0.524,17,2.4,5.1,0.463,0.9,2,0.429,0.4,0.5,0.818,0.1,2,2.1,3.4,0.6,0.7,0.1,6,-2.2,15.6,0,0,102.9,108.8,-5.8,0.298,5.54,0.057,6.6,0.546,0.563,0.143,100.75,83.96,0.12,2021
1626149,Montrezl Harrell,WAS,27,22,0.636,26.7,6.3,9.5,0.657,0.1,0.3,0.286,4,5.2,0.765,2.7,5.5,8.1,2.3,1.2,0.5,0.7,16.6,3.6,32.3,6,0,109.5,104,5.5,0.143,1.89,0.152,8,0.662,0.702,0.212,98.64,82.2,0.182,2021
1626153,Delon Wright,ATL,29,20,0.6,13.1,1.1,2.9,0.368,0.3,0.9,0.333,0.7,0.9,0.765,0.9,1.9,2.7,2,0.5,0.6,0.1,3.1,0.5,10.8,0,0,106.9,103.8,3.1,0.213,3.9,0.099,8.8,0.421,0.473,0.121,100.37,83.64,0.099,2021
1626155,Sam Dekker,TOR,27,1,1,0.9,0,0,0,0,0,0,0,0,0,0,0,0,0,0,0,0,0,-5,0,0,0,0,250,-250,0,0,0,0,0,0,0,105.88,88.24,0,2021
1626156,D'Angelo Russell,MIN,25,20,0.55,32.6,6.6,17,0.389,2.9,8.8,0.324,2.9,3.5,0.814,0.5,3.4,3.9,6.2,2.6,0.9,0.8,18.9,7.1,35.2,1,0,106.2,97.7,8.5,0.301,2.38,0.054,9.5,0.473,0.511,0.265,101.3,84.41,0.123,2021
1626157,Karl-Anthony Towns,MIN,26,22,0.5,34.3,8.5,16.8,0.508,2.6,5.9,0.442,4.3,5.2,0.817,2.9,6.2,9,3.1,3.5,1.1,1,24,2.7,42.5,11,0,107.3,104.4,2.9,0.16,0.88,0.122,13.7,0.585,0.626,0.271,99.48,82.9,0.157,2021
1626158,Richaun Holmes,SAC,28,20,0.35,27.9,6.4,8.9,0.719,0.1,0.2,0.5,2.3,2.8,0.818,2.8,7,9.8,1.3,1.6,0.3,1,15.2,-1,31.2,8,0,106.6,108.8,-2.3,0.076,0.84,0.166,12,0.725,0.749,0.173,101.92,84.94,0.159,2021
1626159,Justise Winslow,LAC,25,16,0.625,8,0.9,2.5,0.375,0.1,0.5,0.125,0.1,0.3,0.5,0.5,1.7,2.2,1.1,0.9,0.4,0.3,2.1,-0.6,7.7,0,0,100,99.6,0.4,0.198,1.21,0.122,19.2,0.388,0.395,0.174,105.22,87.69,0.085,2021
1626161,Willie Cauley-Stein,DAL,28,18,0.556,9.8,0.9,1.9,0.457,0.1,0.1,0.5,0.1,0.1,0.5,0.7,1.4,2.1,0.5,0.4,0.3,0.2,1.9,1.2,6.3,0,0,104.8,100.4,4.4,0.069,1.29,0.099,13.5,0.471,0.474,0.102,101.88,84.9,0.057,2021
1626162,Kelly Oubre Jr.,CHA,25,24,0.542,27.3,5.7,12.6,0.45,2.7,7.1,0.376,1.3,1.9,0.689,1.2,2.7,3.9,1,1,0.9,0.3,15.3,0.2,24,0,0,110.1,108.8,1.3,0.054,1,0.066,6.3,0.556,0.57,0.216,102.34,85.28,0.083,2021
1626163,Frank Kaminsky,PHX,28,9,0.889,20.1,4,7.3,0.545,0.6,1.7,0.333,2,2.2,0.9,1.2,3.3,4.6,1.4,0.6,0.9,0.8,10.6,4.3,22.6,0,0,105.7,96.4,9.2,0.105,2.6,0.105,5.4,0.583,0.635,0.185,105.45,87.88,0.141,2021
1626164,Devin Booker,PHX,25,21,0.857,32.2,8.6,18.7,0.458,2.4,5.9,0.403,3.7,4.3,0.857,0.9,4,4.9,4.5,2.7,0.9,0.2,23.2,5.4,36.6,0,0,112,103,8.9,0.215,1.65,0.073,9.8,0.522,0.563,0.308,101.9,84.92,0.128,2021
1626166,Cameron Payne,PHX,27,16,0.938,17.6,3.2,8.4,0.381,1.1,3.6,0.316,1.9,2.4,0.816,0.3,2.1,2.4,2.9,1.5,0.6,0.3,9.4,2.4,17.9,0,0,102.1,95.2,6.9,0.27,1.96,0.061,10.8,0.448,0.501,0.252,105,87.5,0.108,2021
1626167,Myles Turner,IND,25,23,0.391,28.7,4.5,8.7,0.523,1.8,4.6,0.4,1.7,2.4,0.709,1.6,6,7.7,1,1.3,0.6,2.8,12.6,3,32.1,6,0,107,102.5,4.5,0.05,0.74,0.127,11.2,0.628,0.647,0.165,98.9,82.42,0.125,2021
1626168,Trey Lyles,DET,26,21,0.19,16.2,2.6,6.2,0.42,0.9,3,0.29,1.8,2.3,0.771,1.3,2.9,4.2,0.8,1,0.3,0.2,7.9,-1.2,14.6,0,0,104.6,109.9,-5.3,0.081,0.85,0.129,10.6,0.489,0.542,0.214,100.21,83.51,0.1,2021
1626171,Bobby Portis,MIL,26,17,0.647,27.8,5.9,12.2,0.483,1.9,4.4,0.427,1.4,1.8,0.8,2.6,5.7,8.3,1.4,1.5,0.7,0.9,15.1,2.1,30.3,6,0,108.7,104.5,4.1,0.077,0.88,0.136,9.7,0.56,0.581,0.217,100.84,84.03,0.125,2021
1626172,Kevon Looney,GSW,25,21,0.857,18.3,2.2,4.2,0.528,0,0,0,1,1.7,0.556,2.5,4,6.6,1.1,0.7,0.6,0.8,5.4,2.7,18.2,1,0,111.3,101.5,9.8,0.08,1.53,0.174,10.5,0.528,0.544,0.132,101.97,84.97,0.093,2021
1626174,Christian Wood,HOU,26,21,0.238,31.6,6.1,13.1,0.464,1.5,4.5,0.34,2.3,4,0.571,1.8,9.4,11.2,2.2,1.9,0.5,1,16,-6.1,35.6,11,0,96.8,107.3,-10.5,0.119,1.18,0.163,9.8,0.522,0.537,0.218,103.01,85.84,0.139,2021
1626179,Terry Rozier,CHA,27,19,0.526,32.9,6.5,15.2,0.429,2.6,7.4,0.35,2.1,2.4,0.87,0.6,2.9,3.5,3.6,1.4,1.3,0.5,17.7,-1.3,31.5,0,0,107.3,109.8,-2.4,0.166,2.62,0.049,6.4,0.514,0.545,0.219,102.83,85.69,0.102,2021
1626181,Norman Powell,POR,28,18,0.5,29.1,5.9,11.7,0.505,2,4.5,0.444,3.1,3.8,0.812,0.4,2.1,2.4,1.6,1,0.9,0.4,16.9,1.3,25.2,0,0,114.3,112.7,1.6,0.079,1.56,0.042,6.3,0.59,0.632,0.21,99.71,83.1,0.095,2021
1626192,Pat Connaughton,MIL,28,22,0.636,28.8,4.4,8.9,0.497,2.6,6.3,0.417,0.6,0.9,0.7,0.9,4.1,5,1.6,1,1,0.4,12.1,-0.4,23.6,0,0,108.1,107.5,0.6,0.081,1.67,0.081,8.1,0.646,0.653,0.147,102.37,85.31,0.104,2021
1626195,Willy Hernangomez,NOP,27,10,0.3,12.9,3.4,5,0.68,0.2,0.2,1,1.2,1.6,0.75,1.6,3.8,5.4,1.7,1.2,0.4,0.2,8.2,-1.2,17.8,1,0,115.2,122.4,-7.2,0.195,1.42,0.21,13.9,0.7,0.719,0.218,102.96,85.8,0.17,2021
1626196,Josh Richardson,BOS,28,16,0.625,24.7,3.5,7.5,0.467,1.1,3.1,0.34,1.3,1.5,0.833,0.6,2.4,3,1.3,0.8,0.6,0.6,9.3,1.2,17.4,0,0,107.8,106.5,1.3,0.078,1.67,0.059,7.4,0.538,0.571,0.155,98.39,81.99,0.077,2021
1626204,Larry Nance Jr.,POR,28,22,0.5,19.5,2.5,4.7,0.538,0.5,1.5,0.333,0.7,1.1,0.64,1.5,3.4,4.9,1.5,0.8,0.7,0.4,6.3,1.6,17,0,0,114.6,109.4,5.2,0.106,1.78,0.126,10.9,0.591,0.604,0.133,98.51,82.09,0.102,2021
1626220,Royce O'Neale,UTA,28,19,0.632,31,2.8,6.1,0.461,1.5,4.2,0.354,0.5,0.8,0.667,0.9,3.8,4.7,2.1,1.2,1.7,0.8,7.6,5.4,22.6,0,0,113.6,104.7,8.9,0.087,1.74,0.073,12.5,0.583,0.592,0.104,99.57,82.98,0.073,2021
1626224,Cedi Osman,CLE,26,17,0.588,22.2,4.1,8.6,0.469,2.5,5.9,0.43,1,1.4,0.708,0.4,2.5,2.9,1.6,0.8,0.7,0.2,11.6,0.6,19.5,0,0,108.4,107.7,0.6,0.113,1.93,0.063,7.1,0.616,0.628,0.198,99.58,82.98,0.104,2021
1626246,Boban Marjanovic,DAL,33,11,0.545,5.7,2.4,3.3,0.722,0.1,0.1,1,0.5,1.2,0.462,0.5,1,1.5,0.2,0.5,0,0.1,5.4,2.2,7.2,0,0,122.4,100.6,21.8,0.057,0.4,0.134,10.3,0.736,0.707,0.324,97.52,81.27,0.156,2021
1627734,Domantas Sabonis,IND,25,24,0.375,33.9,6.8,12,0.563,0.8,2.8,0.288,3.2,4.4,0.733,3.1,8.8,11.9,4,3.1,1,0.3,17.5,2.3,38.9,17,1,105.5,103.6,1.9,0.184,1.31,0.169,14.6,0.595,0.628,0.213,98.97,82.47,0.155,2021
1627736,Malik Beasley,MIN,25,22,0.5,25.4,3.5,10.2,0.348,2.5,7.6,0.329,0.6,0.9,0.7,0.4,2.6,3,1.5,0.7,0.7,0.1,10.2,-3.8,17.7,0,0,103.7,111,-7.2,0.087,2.13,0.055,5.4,0.471,0.483,0.179,102.8,85.67,0.066,2021
1627741,Buddy Hield,SAC,28,23,0.391,29.1,5.4,14,0.389,3.7,10.2,0.368,1.6,1.9,0.818,0.8,3.5,4.3,2.3,1.6,0.6,0.2,16.2,-2.1,25.6,0,0,106.1,110.6,-4.5,0.124,1.41,0.068,8.6,0.523,0.546,0.231,100.67,83.89,0.093,2021
1627742,Brandon Ingram,NOP,24,17,0.353,34.3,8.2,18.6,0.442,1.8,4.6,0.38,3.6,4.2,0.847,0.8,5.4,6.2,4.3,3.3,0.2,0.4,21.8,-4.5,34.1,1,0,103.2,110.7,-7.5,0.22,1.3,0.089,11.7,0.489,0.532,0.295,97.85,81.54,0.12,2021
1627745,Damian Jones,SAC,26,10,0.4,8.4,1.2,1.7,0.706,0.1,0.2,0.5,0.7,1.1,0.636,1.1,1.4,2.5,0.5,0.2,0,0.3,3.2,2.9,7.7,0,0,119.9,103.2,16.6,0.083,2.5,0.14,6.9,0.735,0.733,0.119,96.95,80.79,0.117,2021
1627747,Caris LeVert,IND,27,16,0.438,26.7,5.7,13.9,0.408,1.2,4.6,0.257,1.4,1.9,0.733,0.4,2.5,2.9,2.9,1.4,0.7,0.4,13.9,5.6,23.7,0,0,108.1,100.9,7.2,0.168,2.04,0.052,7.5,0.451,0.472,0.263,97.38,81.15,0.081,2021
1627749,Dejounte Murray,SAS,25,19,0.316,34.7,8.1,18.1,0.446,1.2,3.8,0.306,1.8,2.6,0.7,0.8,7.6,8.5,8.1,2.3,2,0.5,19.1,1.3,46.5,9,3,105.7,104.9,0.8,0.331,3.48,0.114,7.8,0.478,0.497,0.258,101.97,84.98,0.152,2021
1627751,Jakob Poeltl,SAS,26,12,0.333,28.7,5.8,9.3,0.631,0,0,0,0.8,2.5,0.333,4.8,4.6,9.3,2,1.3,0.6,1.3,12.5,-2.1,30.9,5,0,105.2,108.6,-3.3,0.096,1.5,0.154,9.7,0.631,0.604,0.169,101.18,84.32,0.113,2021
1627752,Taurean Prince,MIN,27,20,0.55,15,1.4,3.9,0.346,0.7,2.7,0.259,0.5,0.7,0.692,0.5,1.7,2.2,0.8,0.5,0.4,0.2,3.9,-3.5,9,0,0,95.2,105.6,-10.4,0.08,1.6,0.064,9.1,0.436,0.46,0.127,102.97,85.81,0.045,2021
1627756,Denzel Valentine,CLE,28,14,0.5,6.8,0.7,2.5,0.286,0.5,1.6,0.318,0,0,0,0.4,0.8,1.2,0.2,0.4,0.4,0,1.9,-1.9,4.4,0,0,89.7,102.6,-12.9,0.059,0.6,0.087,11.6,0.386,0.386,0.178,100.82,84.02,0.032,2021
1627759,Jaylen Brown,BOS,25,13,0.462,32.8,7.8,16.8,0.463,2.4,6.5,0.365,3.5,4.5,0.763,0.5,4.8,5.2,2.2,2.4,1.1,0.5,21.4,4.4,33.2,0,0,104.8,98.1,6.6,0.122,0.94,0.072,10.2,0.534,0.57,0.272,100.74,83.95,0.123,2021
1627761,DeAndre' Bembry,BKN,27,20,0.7,19.9,2.5,4.4,0.575,0.4,0.9,0.412,0.5,1,0.474,0.8,2.5,3.2,1.2,0.7,1,0.5,5.8,0.8,15.1,0,0,109.7,103.5,6.2,0.082,1.77,0.077,9.9,0.615,0.608,0.12,100.11,83.42,0.073,2021
1627763,Malcolm Brogdon,IND,28,19,0.368,35.4,7.5,16.4,0.46,2,6.2,0.325,3.9,4.5,0.872,0.9,4.9,5.8,6.1,2.3,0.9,0.6,21,2.2,39.2,4,1,105.7,105,0.8,0.273,2.61,0.078,8.7,0.521,0.572,0.249,98.61,82.17,0.146,2021
1627774,Jake Layman,MIN,27,7,0.571,4.9,0.4,1.4,0.3,0.1,0.6,0.25,0,0,0,0.1,0.6,0.7,0,0.3,0.1,0.1,1,-1,2.4,0,0,96,105,-9,0,0,0.058,16.7,0.35,0.35,0.128,108.94,90.79,0.021,2021
1627777,Georges Niang,PHI,28,22,0.5,24.7,4,9.4,0.427,2.1,5.6,0.371,1.2,1.3,0.929,0.3,2.4,2.7,1.6,0.8,0.6,0.3,11.3,2.7,18.9,0,0,109.8,105.4,4.4,0.099,2.12,0.053,6.3,0.539,0.568,0.189,98.45,82.04,0.076,2021
1627780,Gary Payton II,GSW,29,20,0.85,14.1,2.6,3.8,0.671,0.5,1.3,0.36,0.9,1.4,0.63,1.1,2.2,3.2,0.8,0.4,1.5,0.1,6.4,8,15.7,0,0,117.4,90.5,26.9,0.078,2,0.108,7.2,0.73,0.728,0.139,103.23,86.02,0.136,2021
1627782,Wayne Selden,NYK,27,1,1,1,0,0,0,0,0,0,0,0,0,0,0,0,0,0,0,0,0,-2,0,0,0,0,66.7,-66.7,0,0,0,0,0,0,0,147.95,123.29,0,2021
1627783,Pascal Siakam,TOR,27,11,0.182,33,6.6,14.4,0.462,1.3,3.9,0.326,3.4,4.5,0.755,1.9,5.2,7.1,3.7,1.9,0.8,0.9,17.9,-2.2,35.3,2,0,108.8,111.5,-2.7,0.182,1.95,0.106,8.7,0.506,0.549,0.24,96.48,80.4,0.116,2021
1627788,Furkan Korkmaz,PHI,24,21,0.476,23.7,3.3,8.8,0.373,1.7,5.3,0.321,0.9,1.1,0.792,0.3,2.5,2.8,2.7,1,0.8,0.1,9.2,-0.7,18.4,0,0,106.4,107.5,-1,0.163,2.55,0.057,8,0.47,0.493,0.189,99.5,82.92,0.083,2021
1627789,Timothe Luwawu-Cabarrot,ATL,26,15,0.667,5.2,0.7,1.8,0.37,0.5,1.3,0.368,0.3,0.4,0.833,0,0.7,0.7,0.3,0.1,0.1,0.1,2.1,-1.1,4,0,0,98.3,107,-8.7,0.104,2.5,0.069,5.5,0.5,0.54,0.172,104.47,87.06,0.073,2021
1627814,Damion Lee,GSW,29,15,0.867,21,3.3,7.5,0.438,1.3,3.6,0.352,1.1,1.4,0.81,0.3,2.5,2.9,1.2,0.7,0.2,0.1,8.9,3.9,14.5,0,0,108.2,97.5,10.7,0.085,1.8,0.065,6.7,0.522,0.553,0.182,99.21,82.68,0.085,2021
1627822,Petr Cornelie,DEN,26,5,0,4.2,0.4,1.4,0.286,0,0.8,0,0,0,0,1,0.6,1.6,0.6,0.4,0,0,0.8,2.6,3.2,0,0,103,80.8,22.2,0.2,1.5,0.17,16.7,0.286,0.286,0.164,102.61,85.51,0.037,2021
1627823,Juancho Hernangomez,BOS,26,11,0.545,3.5,0.3,1.3,0.214,0.1,0.7,0.125,0.4,0.5,0.8,0.3,0.6,0.9,0,0.3,0.4,0,1,-2,2.9,0,0,84.6,112.8,-28.2,0,0,0.105,15.6,0.25,0.34,0.186,104.61,87.17,0.042,2021
1627826,Ivica Zubac,LAC,24,22,0.5,24.4,3.8,5.7,0.667,0,0,0,2.5,3.2,0.761,2.6,5.6,8.2,1.2,1.1,0.4,0.8,10.1,-2.1,24.3,6,0,104.4,107.6,-3.2,0.072,1.08,0.162,11.6,0.667,0.706,0.146,100.86,84.05,0.133,2021
1627827,Dorian Finney-Smith,DAL,28,20,0.55,30.9,3.3,7.7,0.431,1.7,4.8,0.354,0.7,1.1,0.619,1.8,2.6,4.4,1.4,0.9,1.5,0.5,9,-2.1,21.1,0,0,108,109.3,-1.3,0.063,1.56,0.071,8.6,0.542,0.552,0.129,97.34,81.11,0.062,2021
1627832,Fred VanVleet,TOR,27,21,0.429,38.3,7.1,16.2,0.441,3.1,8,0.387,2.5,2.9,0.852,0.8,4.4,5.2,6.3,3.2,1.6,0.6,19.9,2.4,39.1,2,0,106.6,104.2,2.4,0.255,1.99,0.065,11.8,0.537,0.568,0.226,97.24,81.03,0.123,2021
1627846,Abdel Nader,PHX,28,14,0.786,10.4,0.9,2.5,0.343,0.3,1,0.286,0.4,0.7,0.6,0.3,1.6,1.9,0.5,0.8,0.6,0.3,2.4,-0.1,7.3,0,0,97.5,97.5,0,0.065,0.64,0.087,19.2,0.4,0.431,0.139,107.91,89.92,0.036,2021
1627854,Bryn Forbes,SAS,28,19,0.316,13.6,2.3,5,0.453,1.1,2.6,0.4,0.3,0.4,0.75,0.1,1.2,1.2,0.6,0.9,0.3,0.1,5.9,-4.1,8.5,0,0,95.5,110.5,-15,0.074,0.71,0.042,13.3,0.558,0.568,0.194,98.26,81.88,0.069,2021
1627863,Danuel House Jr.,HOU,28,14,0.357,13.7,1.6,4.7,0.333,0.7,2.1,0.333,0.9,1.1,0.867,0.2,2.6,2.8,0.9,1.1,0.4,0.4,4.8,-2.6,10.6,0,0,94.1,104.8,-10.7,0.11,0.87,0.088,14.9,0.409,0.461,0.183,107.9,89.92,0.067,2021
1627884,Derrick Jones Jr.,CHI,24,18,0.611,16.9,2.4,4.1,0.603,0.2,0.8,0.267,1.4,1.7,0.833,1.3,2.1,3.4,0.6,0.4,0.5,0.8,6.5,2.2,14.9,0,0,114.9,108.1,6.7,0.044,1.25,0.101,7.7,0.63,0.679,0.13,100.83,84.02,0.09,2021
1627936,Alex Caruso,CHI,27,21,0.667,29.5,2.9,6.5,0.449,1,3,0.339,1.9,2.2,0.851,0.9,2.9,3.8,4.2,1.4,2.2,0.4,8.7,4.7,25.9,1,0,110.8,102,8.8,0.192,2.93,0.064,10.9,0.526,0.584,0.13,99.92,83.27,0.093,2021
1628021,David Nwaba,HOU,28,15,0.067,11.7,1.5,3.5,0.442,0.1,0.9,0.077,0.9,1.5,0.636,0.5,2.5,3.1,0.7,0.5,0.7,0.3,4.1,-1.9,11,0,0,99.9,106.8,-6.9,0.085,1.25,0.118,10,0.452,0.494,0.157,107.99,89.99,0.092,2021
1628366,Lonzo Ball,CHI,24,22,0.636,34.8,4.6,10.8,0.426,3,6.9,0.444,0.3,0.4,0.75,0.8,4.4,5.2,4.8,2.3,1.8,0.7,12.5,4.5,31.3,2,1,109.7,103.9,5.7,0.188,2.08,0.075,12.8,0.568,0.572,0.166,100.3,83.58,0.092,2021
1628367,Josh Jackson,DET,24,19,0.158,19,2.6,6.5,0.407,0.8,3,0.281,1.2,1.7,0.697,0.6,2.9,3.5,1.7,1.2,0.4,0.5,7.3,-5.1,15.6,0,0,101.2,113.7,-12.5,0.144,1.43,0.093,11.9,0.472,0.505,0.189,100.62,83.85,0.075,2021
1628368,De'Aaron Fox,SAC,23,23,0.391,34.8,7.5,17.3,0.432,1.2,4.3,0.273,4.1,5.5,0.748,0.6,3,3.5,5.5,3,1.3,0.5,20.3,-3.9,35.2,1,0,107.6,113.3,-5.7,0.249,1.81,0.048,10.8,0.466,0.513,0.273,101.38,84.48,0.093,2021
1628369,Jayson Tatum,BOS,23,22,0.545,36.6,8.6,21.7,0.397,2.7,8.4,0.319,4.4,5.5,0.808,1.1,7.7,8.9,3.6,2.6,1,0.8,24.4,3.3,43,8,0,106.7,102,4.8,0.178,1.38,0.115,8.7,0.459,0.505,0.313,98.64,82.2,0.134,2021
1628370,Malik Monk,LAL,23,23,0.522,24.2,3.7,8.1,0.455,1.7,4.7,0.358,0.8,1,0.826,0.3,2.3,2.6,2.2,1.3,0.7,0.3,9.9,2.8,17.8,0,0,106.5,100.6,5.9,0.132,1.65,0.049,11.1,0.559,0.578,0.169,103.11,85.93,0.086,2021
1628372,Dennis Smith Jr.,POR,24,11,0.545,12.5,1.3,3.5,0.368,0.2,0.8,0.222,0.9,1.5,0.625,0.3,1.3,1.5,2.5,1.2,1.3,0.3,3.6,-1,12.6,0,0,101.2,105.4,-4.2,0.273,2.08,0.056,15.3,0.395,0.444,0.168,104.89,87.41,0.088,2021
1628373,Frank Ntilikina,DAL,23,15,0.533,14.2,1.8,5,0.36,0.9,2.6,0.359,0.8,0.8,1,0.2,1.7,1.9,1.5,0.7,0.7,0.2,5.3,2.7,11.8,0,0,108,99.5,8.5,0.147,2.2,0.06,8.9,0.453,0.498,0.176,102.34,85.28,0.078,2021
1628374,Lauri Markkanen,CLE,24,13,0.538,31.1,5.1,12.5,0.405,2.2,6.8,0.33,2.2,2.5,0.875,1.3,4.8,6.2,1.2,0.8,1,0.6,14.5,1.2,27.7,1,0,108.6,106,2.5,0.054,1.36,0.096,5.4,0.494,0.534,0.197,99.79,83.16,0.099,2021
1628378,Donovan Mitchell,UTA,25,20,0.65,32.2,8.7,20.1,0.434,2.9,9,0.322,2.9,3.3,0.879,1,3.3,4.3,5.1,2.9,1.9,0.2,23.2,7.5,39.2,0,0,115.3,103.5,11.8,0.258,1.77,0.064,9.7,0.506,0.539,0.324,99.52,82.93,0.131,2021
1628379,Luke Kennard,LAC,25,22,0.5,27.8,3.5,8.5,0.417,2.4,5.8,0.417,0.5,0.5,0.917,0.2,3,3.2,2,0.8,0.8,0.1,10,4.6,18.6,0,0,105.1,97.6,7.5,0.104,2.44,0.053,7.1,0.559,0.572,0.144,99.59,82.99,0.085,2021
1628381,John Collins,ATL,24,22,0.545,32.2,6.4,11.2,0.571,1.1,2.7,0.4,2.5,3.3,0.778,1.7,6,7.7,2.2,1,0.8,1.4,16.5,5,34.6,5,0,115.4,108.3,7.1,0.097,2.13,0.115,6.6,0.619,0.649,0.184,98.6,82.16,0.128,2021
1628384,OG Anunoby,TOR,24,15,0.467,37.3,7.6,17.7,0.43,2.7,7.5,0.366,2.2,2.7,0.825,1.6,3.8,5.4,2.7,1.7,1.5,0.6,20.1,0,35.4,1,0,108.1,108.5,-0.4,0.114,1.64,0.072,7.2,0.508,0.534,0.234,96.88,80.73,0.098,2021
1628386,Jarrett Allen,CLE,23,19,0.632,33.1,6.7,9.5,0.706,0.1,0.2,0.25,2.9,4.4,0.655,3.4,7.9,11.3,1.8,2.1,0.9,1.2,16.3,2.9,36.8,12,0,104.9,101.1,3.8,0.089,0.9,0.164,13.4,0.708,0.714,0.173,99,82.5,0.166,2021
1628389,Bam Adebayo,MIA,24,18,0.556,32.9,7,13.5,0.519,0,0.1,0,4.7,6.2,0.759,2.7,7.4,10.2,3.2,2.9,1.1,0.3,18.7,1.6,37.1,9,0,104.1,102.7,1.4,0.165,1.08,0.149,13.2,0.519,0.577,0.252,98.33,81.94,0.147,2021
1628392,Isaiah Hartenstein,LAC,23,21,0.524,15.7,3.1,4.8,0.644,0.1,0.1,0.667,1.1,1.7,0.639,2,3.1,5.1,1.6,1,0.9,1.1,7.4,3,20.8,1,0,105.9,97.9,8,0.154,1.62,0.151,12.2,0.653,0.663,0.171,102.64,85.53,0.147,2021
1628396,Tony Bradley,CHI,23,17,0.588,13.1,1.7,3.1,0.558,0,0,0,0.2,0.3,0.8,1.5,2.7,4.2,0.4,0.7,0.1,0.6,3.6,2.5,10.5,0,0,110.8,99.9,10.9,0.041,0.58,0.152,16.4,0.558,0.572,0.127,99.95,83.3,0.088,2021
1628398,Kyle Kuzma,WAS,26,22,0.636,32.8,4.8,11.4,0.424,2,5.8,0.354,1.4,2.1,0.638,1,7.9,8.9,2.8,2.2,0.6,0.7,13,-2.6,29.7,8,0,104.8,107.5,-2.6,0.128,1.29,0.132,12.6,0.514,0.53,0.195,98.42,82.01,0.103,2021
1628400,Semi Ojeleye,MIL,26,11,0.455,19.8,1.1,4.3,0.255,0.5,2.5,0.214,0.3,0.5,0.6,1.9,1.7,3.6,0.4,0.5,0.4,0.5,3,-6.7,9.9,0,0,95.5,108.5,-13,0.027,0.8,0.08,8.6,0.319,0.335,0.104,100.66,83.88,0.017,2021
1628401,Derrick White,SAS,27,19,0.316,31.3,4.5,11.5,0.394,1.5,4.9,0.298,1.6,1.9,0.833,0.6,2.8,3.4,5.2,1.5,1.2,1,12.1,-3,28.9,1,0,100.5,104.2,-3.8,0.229,3.38,0.051,8,0.459,0.492,0.183,102.95,85.79,0.087,2021
1628402,Frank Jackson,DET,23,21,0.19,21.6,3.3,8.4,0.395,1.7,5.4,0.307,1.4,1.7,0.833,0.2,1.1,1.4,0.8,0.9,0.5,0.2,9.8,-3.1,14,0,0,101.5,107,-5.5,0.061,0.89,0.03,7.9,0.494,0.532,0.197,101.06,84.21,0.059,2021
1628404,Josh Hart,NOP,26,19,0.263,30.1,4.1,8.4,0.488,0.8,2.4,0.326,2.1,2.4,0.848,1,5.3,6.3,3.8,1.4,0.9,0.4,11.1,-3.8,26.9,2,0,106.9,113.8,-6.8,0.184,2.81,0.103,9.3,0.534,0.583,0.155,97.53,81.28,0.106,2021
1628408,P.J. Dozier,DEN,25,18,0.5,18.9,2,5.5,0.364,0.8,2.7,0.313,0.6,0.7,0.769,0.8,2.7,3.5,1.6,0.7,0.6,0.3,5.4,-5,14.1,0,0,97.5,109.8,-12.3,0.135,2.23,0.089,8.9,0.439,0.463,0.147,99.32,82.76,0.068,2021
1628415,Dillon Brooks,MEM,25,8,0.5,25.7,6.5,16.1,0.403,1.6,5.3,0.31,3.8,4.1,0.909,0.9,2.8,3.6,2.1,2,1.4,0.3,18.4,3.9,28.8,0,0,110.4,103.8,6.6,0.122,1.06,0.065,9.1,0.453,0.512,0.313,104.22,86.85,0.09,2021
1628420,Monte Morris,DEN,26,21,0.476,29.7,5.2,11,0.474,1.2,3.9,0.317,0.3,0.5,0.6,0.3,2.3,2.6,4.2,1.4,0.7,0.1,11.9,4.4,22.5,0,0,108.7,102.8,5.9,0.202,3.03,0.044,8.3,0.53,0.533,0.186,96.81,80.67,0.088,2021
1628425,Sterling Brown,DAL,26,18,0.556,12.5,1.1,3.1,0.364,0.6,2.1,0.297,0.2,0.2,1,0.7,2.6,3.2,0.8,0.6,0.4,0.1,3.1,1.1,9.1,0,0,107.8,105.4,2.4,0.084,1.27,0.121,13.5,0.464,0.484,0.128,100.01,83.34,0.073,2021
1628427,Vlatko Cancar,DEN,24,3,0.333,7.6,1,1.7,0.6,0.7,0.7,1,1,1.3,0.75,0.3,0,0.3,1.3,0.7,0.3,0,3.7,-2.7,6.4,0,0,107.2,125.9,-18.8,0.267,2,0.026,15.7,0.8,0.814,0.161,103.69,86.41,0.089,2021
1628449,Chris Boucher,TOR,28,20,0.45,13.6,2.3,5.9,0.381,0.5,2.6,0.196,0.9,1.4,0.667,1.4,2.6,4,0.3,0.6,0.6,0.8,5.9,-0.9,14.6,1,0,98.7,102.6,-3.8,0.036,0.55,0.128,7.5,0.424,0.454,0.207,98.08,81.73,0.098,2021
1628464,Daniel Theis,HOU,29,16,0.125,23.2,3.1,6.5,0.481,0.9,2.9,0.298,1,1.4,0.727,1.1,3.9,4.9,0.8,1.3,0.4,0.6,8.1,-9.8,17,1,0,88.9,107.7,-18.8,0.063,0.65,0.097,13.6,0.548,0.572,0.153,102.34,85.28,0.08,2021
1628467,Maxi Kleber,DAL,29,11,0.545,21.9,2.7,5.8,0.469,1.5,3.9,0.395,0.9,1.1,0.833,1.2,3.8,5,0.9,0.4,0.5,1.1,7.9,0.6,19.5,1,0,108.4,105,3.3,0.064,2.5,0.108,4.8,0.602,0.628,0.136,95.19,79.32,0.108,2021
1628470,Torrey Craig,IND,30,24,0.375,16.2,2.2,4.4,0.495,0.6,2.1,0.28,0.7,0.9,0.773,1.3,2.2,3.4,0.9,0.6,0.4,0.3,5.6,-1.6,12.6,1,0,106.3,109.3,-3,0.083,1.47,0.099,9.9,0.562,0.589,0.14,100,83.34,0.083,2021
1628539,Mychal Mulder,ORL,27,10,0.1,10.9,1.2,4.5,0.267,0.9,3,0.3,0.2,0.2,1,0.2,0.8,1,0.1,0.3,0.2,0.1,3.5,-3.4,5.5,0,0,88.5,106.9,-18.4,0.016,0.33,0.037,6,0.367,0.381,0.185,101.27,84.39,0.012,2021
1628778,Paul Watson,OKC,26,2,0,19.4,0.5,3,0.167,0.5,3,0.167,0,0,0,0.5,3.5,4,0.5,0.5,0,1,1.5,1.5,9.6,0,0,95.4,91.7,3.7,0.032,1,0.089,12.5,0.25,0.25,0.076,100.87,84.06,0.041,2021
1628960,Grayson Allen,MIL,26,22,0.636,28.8,4.7,10.3,0.458,3.2,7.4,0.429,1.3,1.5,0.879,0.5,3.4,4,1.5,0.7,0.7,0.3,14,5.3,23.1,0,0,111.3,102.6,8.7,0.071,2.13,0.063,5.2,0.612,0.636,0.168,101.47,84.56,0.1,2021
1628962,Udoka Azubuike,UTA,22,4,0.75,2,0.3,0.3,1,0,0,0,0,0,0,0.3,0.8,1,0,0.3,0,0,0.5,-0.5,1.5,0,0,69.8,86.5,-16.6,0,0,0.222,50,1,1,0.118,91.22,76.01,0.225,2021
1628963,Marvin Bagley III,SAC,22,8,0.375,17.5,2.3,4.8,0.474,0.5,1.8,0.286,0.9,1.5,0.583,1.3,4,5.3,0.8,0.8,0.1,0.1,5.9,1.4,13.3,0,0,106.4,106.5,-0.1,0.06,1,0.137,10.9,0.526,0.543,0.139,96.28,80.24,0.107,2021
1628964,Mo Bamba,ORL,23,22,0.227,29.8,4.3,9.5,0.45,1.4,4.2,0.326,0.8,1.1,0.708,2.5,6.8,9.3,1.8,1.4,0.8,2.2,10.7,-7.1,32.1,9,0,96.4,107.3,-10.9,0.095,1.26,0.141,10.7,0.522,0.535,0.162,100.17,83.47,0.112,2021
1628966,Keita Bates-Diop,SAS,25,15,0.333,14.1,1.4,3.1,0.457,0.1,0.7,0.091,0.4,0.5,0.75,0.7,2.4,3.1,0.3,0.6,0.3,0.4,3.3,3.2,9,0,0,107.5,97.8,9.7,0.029,0.56,0.099,14.2,0.467,0.495,0.116,99.69,83.08,0.071,2021
1628969,Mikal Bridges,PHX,25,21,0.857,34.5,5,9.4,0.538,1.3,3.3,0.391,1,1.2,0.84,0.7,3.1,3.9,1.9,0.8,1.5,0.6,12.4,8.9,25.4,0,0,114.8,100.8,13.9,0.07,2.5,0.053,6.1,0.607,0.625,0.133,101.54,84.61,0.083,2021
1628970,Miles Bridges,CHA,23,24,0.542,36.2,7.4,16.2,0.456,2.2,6.7,0.323,3,3.9,0.755,1.3,6.1,7.5,3.1,1.8,1.2,1,19.9,2.2,38.2,3,0,110.7,107.8,3,0.124,1.7,0.096,8,0.523,0.555,0.224,102.88,85.74,0.11,2021
1628971,Bruce Brown,BKN,25,18,0.667,23.6,3.2,6.4,0.491,0.4,1.2,0.318,0.5,0.7,0.75,0.9,2.9,3.9,1.1,0.7,1.3,0.5,7.2,-1.7,18.3,0,0,102.8,103.4,-0.6,0.068,1.58,0.078,7.9,0.522,0.536,0.133,102.86,85.71,0.077,2021
1628972,Troy Brown Jr.,CHI,22,13,0.769,9.5,1.4,3.2,0.429,0.5,1.5,0.35,0.2,0.3,0.5,0.2,1.4,1.6,0.5,0.2,0.2,0,3.5,-1.4,6.3,0,0,102.2,106,-3.8,0.081,2,0.087,5.7,0.512,0.514,0.166,99.39,82.83,0.074,2021
1628973,Jalen Brunson,DAL,25,19,0.579,28.5,5.7,11.5,0.498,1.2,3.3,0.355,2,2.5,0.792,0.4,3.6,4,4.9,1.5,0.8,0.1,14.6,2.6,27.8,3,0,111.8,108.1,3.6,0.259,3.32,0.068,7.8,0.548,0.579,0.212,98.33,81.94,0.126,2021
1628975,Jevon Carter,BKN,26,21,0.714,13.6,1,3.5,0.288,0.9,2.7,0.316,0.1,0.2,0.75,0.2,1.4,1.6,1.1,0.3,0.4,0.3,3,-0.4,8.5,0,0,102.9,99.4,3.6,0.131,3.43,0.054,6.6,0.411,0.421,0.126,98.48,82.06,0.042,2021
1628976,Wendell Carter Jr.,ORL,22,23,0.217,28.7,5.2,10,0.519,1.4,4,0.363,1.4,2,0.681,2,7.5,9.5,2.2,1.3,0.7,0.6,13.3,-3.4,30.6,10,0,101,106.3,-5.3,0.127,1.67,0.156,9,0.591,0.606,0.183,99.79,83.16,0.141,2021
1628977,Hamidou Diallo,DET,23,15,0.067,14.1,2.5,4.8,0.528,0.2,0.9,0.214,0.9,1.1,0.875,1,1.9,2.9,0.6,0.7,0.6,0.5,6.2,-2.8,13.1,0,0,94.6,105.6,-10.9,0.074,0.82,0.1,11.1,0.549,0.588,0.175,103.22,86.01,0.11,2021
1628981,Bruno Fernando,BOS,23,7,0.571,1.9,0,0,0,0,0,0,0,0,0,0,0.1,0.1,0.1,0.3,0,0.1,0,-2.9,0.5,0,0,57.4,126.2,-68.8,0.167,0.5,0.03,66.7,0,0,0.059,109.74,91.45,-0.038,2021
1628983,Shai Gilgeous-Alexander,OKC,23,19,0.316,34.9,7.4,17.9,0.411,2.1,6.8,0.3,4.4,5.6,0.785,0.6,4.5,5.1,4.5,2.4,1.1,0.6,21.2,-5.2,36.5,0,0,98.9,106.8,-7.9,0.227,1.85,0.065,8.9,0.468,0.519,0.274,100.14,83.45,0.114,2021
1628984,Devonte' Graham,NOP,26,21,0.238,30.8,4.7,12.4,0.379,2.7,7.8,0.35,1.8,2.3,0.792,0.6,1.7,2.3,4.7,1.9,1.3,0.2,14,-1.4,26.3,0,0,107.3,112.6,-5.3,0.225,2.45,0.037,9.5,0.489,0.519,0.207,98.84,82.37,0.083,2021
1628988,Aaron Holiday,WAS,25,21,0.619,17.5,2.2,5.3,0.411,0.6,1.7,0.343,0.5,0.6,0.769,0.2,1.5,1.7,1.9,1.2,0.5,0.4,5.4,-1,11.7,0,0,102.3,104.6,-2.2,0.162,1.56,0.046,13.8,0.464,0.484,0.169,99.19,82.65,0.054,2021
1628989,Kevin Huerter,ATL,23,21,0.524,25.9,4,8.5,0.478,1.5,4,0.369,0.3,0.4,0.75,0.3,3.1,3.4,2.3,1.2,0.4,0.2,9.9,3.8,18.1,0,0,110.2,103,7.2,0.123,1.88,0.061,10.1,0.565,0.57,0.163,99.92,83.26,0.08,2021
1628990,Chandler Hutchison,PHX,25,3,0.667,3.2,0.3,0.3,1,0,0,0,0,0,0,0,1.3,1.3,0.3,1,0,0,0.7,2.7,1.8,0,0,100.2,65.9,34.3,0.143,0.33,0.154,60,1,1,0.148,121.35,101.12,0.14,2021
1628991,Jaren Jackson Jr.,MEM,22,21,0.524,26.9,5.2,12.8,0.409,2.1,6,0.346,2.9,3.3,0.87,1.2,4.5,5.7,1,1.5,0.8,2.1,15.4,1.9,31,0,0,109.7,107.5,2.1,0.053,0.65,0.097,8.8,0.491,0.541,0.24,102.78,85.65,0.091,2021
1628993,Alize Johnson,CHI,25,13,0.692,7.5,0.9,1.6,0.571,0,0.1,0,0.2,0.4,0.6,1,1.3,2.3,0.6,0.5,0.2,0,2.1,-4.2,6,0,0,100.3,119.3,-19,0.143,1.33,0.166,16.1,0.571,0.582,0.132,96.7,80.59,0.088,2021
1628995,Kevin Knox II,NYK,22,4,0.5,3.6,0.3,1,0.25,0,0.5,0,0.3,0.5,0.5,0.5,0,0.5,0.3,0.5,0,0,0.8,-3.5,1.2,0,0,80.6,125,-44.4,0.125,0.5,0.067,25.4,0.25,0.307,0.171,105.69,88.07,-0.038,2021
1628997,Caleb Martin,MIA,26,19,0.579,17.8,2.4,5.3,0.46,0.6,1.9,0.306,0.7,1.2,0.565,0.7,2.1,2.8,0.7,0.5,0.9,0.4,6.1,2.2,14,0,0,112.7,103.4,9.3,0.053,1.44,0.083,6.8,0.515,0.527,0.151,99.91,83.26,0.076,2021
1628998,Cody Martin,CHA,26,22,0.591,24.6,2.8,5.9,0.477,0.9,1.9,0.476,1.1,1.6,0.714,1.3,2.9,4.1,2.2,0.4,1.3,0.5,7.7,0.5,21.2,0,0,112.6,111.2,1.5,0.112,5.44,0.081,4.4,0.554,0.581,0.117,103.84,86.53,0.086,2021
1629001,De'Anthony Melton,MEM,23,18,0.556,24.9,3.8,9.7,0.389,1.8,5.1,0.352,0.7,0.9,0.75,0.9,3.3,4.2,2.3,1.4,1.5,0.7,10,-1.1,23.6,0,0,107.4,109,-1.6,0.128,1.62,0.076,10.4,0.48,0.494,0.185,102.54,85.45,0.08,2021
1629002,Chimezie Metu,SAC,24,12,0.333,23.2,3.4,8.8,0.39,1.2,4.5,0.259,0.9,1.3,0.733,1.2,5.8,6.9,1.1,1.1,0.8,0.6,8.9,-1.7,22,2,0,104.5,108.4,-3.9,0.065,1,0.138,9.4,0.457,0.479,0.185,100.93,84.11,0.099,2021
1629003,Shake Milton,PHI,25,17,0.529,25.2,4.6,10.1,0.459,0.9,2.9,0.3,1.7,1.9,0.906,0.6,2.5,3.1,2.9,1.1,0.7,0.4,11.9,-1.2,22.3,0,0,101.5,103.8,-2.3,0.194,2.78,0.057,7.1,0.503,0.543,0.204,98.08,81.74,0.108,2021
1629004,Svi Mykhailiuk,TOR,24,22,0.409,18.8,2.6,6,0.439,1.1,3.3,0.342,0.8,0.9,0.9,0.6,1.9,2.5,1,0.7,0.8,0.1,7.2,-2.1,13.7,0,0,104.7,110.4,-5.7,0.083,1.44,0.062,8.9,0.534,0.565,0.155,99.53,82.94,0.078,2021
1629006,Josh Okogie,MIN,23,14,0.286,16,1,2.9,0.35,0.2,1.1,0.2,0.7,1.3,0.556,0.9,1.5,2.4,1.1,0.6,0.8,0.4,2.9,1.1,10.4,0,0,102.5,97.3,5.2,0.1,2,0.068,11.1,0.388,0.428,0.1,101.61,84.68,0.044,2021
1629008,Michael Porter Jr.,DEN,23,9,0.556,29.4,4.1,11.4,0.359,1.1,5.3,0.208,0.6,1,0.556,1,5.6,6.6,1.9,1.3,1.1,0.2,9.9,6.4,23.3,1,0,103.8,94.5,9.2,0.085,1.42,0.108,8.8,0.408,0.416,0.192,100.33,83.61,0.074,2021
1629011,Mitchell Robinson,NYK,23,18,0.5,25.4,2.8,3.6,0.797,0,0,0,1.2,2.1,0.579,3,4.8,7.8,0.8,0.6,0.4,1.5,6.9,-4.3,22.5,3,0,104.6,113,-8.4,0.045,1.4,0.147,9.5,0.797,0.768,0.086,97.36,81.14,0.097,2021
1629012,Collin Sexton,CLE,22,11,0.636,28.8,6.2,13.7,0.45,1,4.1,0.244,2.6,3.5,0.744,1.2,2.1,3.3,2.1,2.8,0.9,0,16,-2.7,23,0,0,98.9,104.2,-5.3,0.125,0.74,0.054,14,0.487,0.523,0.264,99.96,83.3,0.074,2021
1629013,Landry Shamet,PHX,24,20,0.85,18.6,2.3,6.1,0.38,1.7,4.5,0.378,1,1.2,0.826,0.3,2.1,2.4,1.7,0.5,0.3,0.1,7.3,0.8,13.3,0,0,106,101.7,4.4,0.127,3.67,0.059,5.2,0.521,0.553,0.155,103.46,86.21,0.085,2021
1629014,Anfernee Simons,POR,22,21,0.524,23.6,4.8,10.2,0.465,2.1,5.5,0.388,0.9,0.9,0.947,0.5,2.2,2.8,2.2,1.2,0.5,0.2,12.5,1,20,0,0,110.6,108.4,2.2,0.15,1.88,0.058,8.5,0.57,0.589,0.217,97.83,81.53,0.101,2021
1629018,Gary Trent Jr.,TOR,22,20,0.45,34.4,6.4,14.7,0.432,2.7,7.1,0.373,2,2.1,0.929,0.6,2.5,3.1,1.7,1,2.1,0.4,17.3,-0.4,29.7,0,0,108.9,110.1,-1.2,0.073,1.74,0.044,5.2,0.522,0.554,0.203,97.22,81.02,0.089,2021
1629020,Jarred Vanderbilt,MIN,22,21,0.476,22.3,2.2,4.2,0.528,0,0.3,0,1.1,1.4,0.828,3,4.9,7.9,1.1,1.1,1.3,0.8,5.6,3.2,22.1,2,0,106.9,102.3,4.6,0.068,1,0.162,15.6,0.528,0.58,0.107,99.32,82.77,0.11,2021
1629021,Moritz Wagner,ORL,24,21,0.238,11.2,2,4.5,0.457,1,2.9,0.367,1.1,1.5,0.719,0.5,2,2.5,0.7,0.8,0.1,0.2,6.2,-0.5,10.5,0,0,102.3,110,-7.7,0.095,0.88,0.1,11.6,0.574,0.606,0.209,103.34,86.12,0.095,2021
1629022,Lonnie Walker IV,SAS,22,19,0.316,22.6,3.7,10.1,0.366,1.5,5.2,0.283,1.2,1.4,0.815,0.1,3,3.1,2.6,1.3,0.7,0.4,10,0.5,19.6,0,0,106.6,106,0.6,0.154,2.04,0.065,8.7,0.44,0.468,0.223,101.89,84.91,0.076,2021
1629023,P.J. Washington,CHA,23,12,0.5,23.4,3.7,7.5,0.489,1.9,4,0.479,1,1.3,0.75,1.2,3.5,4.7,1.8,1.4,0.7,1,10.3,-2.2,22.1,0,0,110.6,117.1,-6.5,0.105,1.24,0.096,12.6,0.617,0.634,0.168,103.76,86.47,0.093,2021
1629026,Kenrich Williams,OKC,27,19,0.316,20.2,2.6,5.8,0.45,0.7,2.1,0.333,0.8,1.5,0.571,1.1,2.5,3.5,1.7,0.8,0.7,0.2,6.8,-0.7,15.4,0,0,98.4,100.1,-1.7,0.138,2.2,0.078,8.8,0.509,0.523,0.151,101.03,84.19,0.086,2021
1629027,Trae Young,ATL,23,22,0.545,33.9,9.3,19.9,0.466,2.7,6.9,0.388,5,5.6,0.895,0.6,3.2,3.8,9.1,3.8,0.9,0.1,26.3,3.6,43.7,10,0,115.2,109.8,5.4,0.42,2.38,0.054,10.8,0.533,0.587,0.328,99.25,82.71,0.158,2021
1629028,Deandre Ayton,PHX,23,15,0.8,30.4,7.4,11.7,0.634,0.1,0.3,0.2,1.1,1.9,0.586,3.2,8.3,11.5,1.3,1.7,0.9,0.7,16,2.6,34.6,9,0,112.3,105.9,6.4,0.062,0.76,0.183,10.8,0.637,0.639,0.204,99.1,82.58,0.146,2021
1629029,Luka Doncic,DAL,22,17,0.647,34.7,9.6,21.3,0.45,2.8,8.2,0.343,3.6,5.5,0.667,0.8,7.2,7.9,8.6,4.5,1.2,0.6,25.6,-4.8,48.9,11,2,106.6,110.7,-4.1,0.463,1.92,0.114,12.2,0.517,0.541,0.355,97.59,81.32,0.166,2021
1629048,Goga Bitadze,IND,22,16,0.375,8.6,0.9,3.1,0.286,0.3,1.6,0.16,0.7,1.1,0.647,1,1.3,2.3,0.2,0.3,0.6,0.6,2.7,-1.3,9,0,0,97.1,105.4,-8.3,0.033,0.6,0.128,7.8,0.327,0.381,0.178,103.05,85.88,0.034,2021
1629052,Oshae Brissett,IND,23,13,0.308,11.6,1.5,3.6,0.426,0.6,1.8,0.348,0.2,0.5,0.286,0.4,1.8,2.2,0.5,0.8,0.3,0.2,3.8,-3.1,8.1,0,0,100.5,112.5,-12,0.061,0.6,0.094,15.1,0.511,0.499,0.164,103.95,86.63,0.057,2021
1629056,Terence Davis,SAC,24,15,0.4,15.4,2.7,7.4,0.369,1.1,4.4,0.258,0.5,0.7,0.636,0.2,2.1,2.3,0.8,1.1,0.7,0.3,7.1,1.3,13.2,0,0,105.1,103.6,1.4,0.075,0.75,0.068,11.1,0.446,0.458,0.237,102,85,0.049,2021
1629057,Robert Williams III,BOS,24,15,0.6,29.9,4.3,5.8,0.736,0,0,0,0.9,1.5,0.609,3.9,5.4,9.3,1.3,1.1,0.9,1.9,9.5,6.3,29.6,6,0,108,99.2,8.8,0.061,1.12,0.15,12.8,0.736,0.731,0.109,98.05,81.71,0.136,2021
1629067,Isaac Bonga,TOR,22,6,0.333,5.1,0.2,1,0.167,0,0.3,0,0.2,0.3,0.5,0.2,0.3,0.5,0.3,0.2,0.5,0.2,0.5,-0.3,3.4,0,0,90.2,93.2,-2.9,0.1,2,0.035,10.1,0.167,0.218,0.098,105.14,87.62,0.01,2021
1629076,Tyler Cook,CHI,24,1,0,12,2,3,0.667,0,0,0,2,2,1,0,2,2,2,1,0,0,6,-2,10.4,0,0,125.2,128.1,-2.9,0.2,2,0.118,14.5,0.667,0.773,0.185,100,83.33,0.107,2021
1629103,Kelan Martin,IND,26,17,0.471,16.7,2.9,7,0.42,0.8,2.9,0.265,0.4,0.5,0.667,0.6,1.3,1.9,1,0.6,0.5,0.4,7,-1.5,12.8,0,0,103,109.5,-6.6,0.09,1.55,0.055,7.3,0.475,0.484,0.199,99.04,82.53,0.065,2021
1629111,Jock Landale,SAS,26,6,0.5,2.9,1,1.3,0.75,0.2,0.3,0.5,0.3,0.5,0.667,0.3,0,0.3,0.3,0.2,0,0.2,2.5,2.2,3.7,0,0,125,89.2,35.8,0.167,2,0.057,8.1,0.813,0.805,0.244,101.59,84.66,0.169,2021
1629130,Duncan Robinson,MIA,27,22,0.591,28.5,3.6,10.4,0.349,2.9,9,0.318,0.2,0.4,0.625,0.4,3.2,3.6,1.4,0.8,0.8,0.3,10.4,1,19.3,0,0,106.7,105.4,1.3,0.074,1.82,0.062,6.1,0.487,0.49,0.172,96.83,80.7,0.05,2021
1629139,Yuta Watanabe,TOR,27,3,0.333,18.7,1.7,6,0.278,1.3,4.3,0.308,1,1.3,0.75,1.7,2,3.7,0.3,0.3,0.7,0.7,5.7,2.7,14.2,0,0,113.9,99.3,14.7,0.021,1,0.087,4.6,0.389,0.43,0.145,108.44,90.37,0.044,2021
1629162,Jordan McLaughlin,MIN,25,16,0.563,10.3,0.7,2.3,0.306,0.2,1.1,0.176,0.3,0.4,0.714,0.1,0.7,0.8,2.1,0.7,0.6,0,1.9,-2.9,7,0,0,98,111.2,-13.2,0.298,3.09,0.036,13.1,0.347,0.384,0.12,104.09,86.74,0.066,2021
1629185,Chris Chiozza,GSW,26,10,0.9,11,1,2.9,0.345,0.8,2.1,0.381,0.1,0.1,1,0.5,0.8,1.3,1.5,0.8,0.5,0,2.9,-1.7,7.4,0,0,95.2,101.1,-5.9,0.246,1.88,0.058,15.3,0.483,0.493,0.144,97.51,81.26,0.051,2021
1629216,Gabe Vincent,MIA,25,19,0.579,15.8,2.2,5.1,0.433,1.2,3.1,0.39,0.5,0.6,0.833,0.5,0.9,1.4,1.9,0.9,0.6,0,6.2,2,11.5,0,0,108.9,99.7,9.2,0.189,2.12,0.046,10.9,0.552,0.572,0.175,97.29,81.08,0.074,2021
1629234,Drew Eubanks,SAS,24,19,0.316,15.3,2.2,4.2,0.519,0,0.2,0,1.6,2,0.789,1.3,3.4,4.6,1.5,1.4,0.4,0.9,5.9,-2.4,16.3,1,0,102.7,107.4,-4.8,0.145,1.12,0.144,17.3,0.519,0.585,0.179,102.5,85.42,0.107,2021
1629308,Juan Toscano-Anderson,GSW,28,20,0.9,15.4,1.7,3.4,0.507,0.4,1.4,0.296,0.6,0.7,0.846,0.5,2.1,2.6,2.1,1.1,0.7,0.4,4.4,2.6,12.8,0,0,111.4,100,11.4,0.194,1.91,0.081,16.1,0.567,0.598,0.135,98.62,82.18,0.094,2021
1629599,Amir Coffey,LAC,24,16,0.438,13,0.9,2.5,0.35,0.6,1.9,0.333,1.1,1.2,0.895,0.2,1.4,1.6,0.7,0.3,0.1,0.1,3.4,1.8,6.7,0,0,102.6,95.4,7.2,0.074,2.2,0.06,7.8,0.475,0.569,0.11,101.59,84.66,0.063,2021
1629604,CJ Elleby,POR,21,10,0.6,4.9,0.4,1.5,0.267,0.1,0.8,0.125,0,0,0,0.1,1.2,1.3,0.3,0.3,0,0,0.9,-2.5,2.6,0,0,84.2,103.5,-19.3,0.103,1,0.112,14.3,0.3,0.3,0.142,109.08,90.9,0.035,2021
1629605,Tacko Fall,CLE,25,7,0.286,2.8,0.1,0.3,0.5,0,0,0,0.1,0.6,0.25,0.1,0.6,0.7,0,0.1,0,0.1,0.4,1.1,1.6,0,0,108.6,96.5,12.1,0,0,0.147,21,0.5,0.399,0.1,104.19,86.82,0.045,2021
1629611,Terance Mann,LAC,25,21,0.476,28.3,3.7,8,0.458,1,3,0.349,1.6,2,0.81,1.4,3.6,5,2.6,1.2,0.7,0.1,10,2.4,21.1,2,0,104.5,100,4.5,0.135,2.16,0.081,9.4,0.524,0.563,0.15,100.15,83.46,0.091,2021
1629620,Justin Robinson,MIL,24,17,0.588,11.6,1.1,3.4,0.316,0.6,2.2,0.27,0.1,0.1,1,0.1,0.6,0.8,1.2,0.6,0.5,0,2.8,-3,6.4,0,0,97.3,105.7,-8.4,0.176,1.91,0.029,12.2,0.404,0.415,0.146,104.27,86.89,0.032,2021
1629622,Max Strus,MIA,25,15,0.667,21.4,2.8,6.5,0.429,1.9,4.9,0.384,0.5,0.9,0.615,0.2,3.1,3.3,1,0.6,0.5,0.1,8,1.9,14.6,0,0,108.6,103,5.6,0.067,1.67,0.078,7,0.571,0.578,0.15,98.15,81.79,0.082,2021
1629626,Bol Bol,DEN,22,10,0.4,4.7,0.7,1.5,0.467,0,0.3,0,0.1,0.3,0.333,0.2,1.2,1.4,0.2,0,0.1,0.2,1.5,-0.2,4.4,0,0,95.5,102.3,-6.8,0.077,0,0.136,0,0.467,0.46,0.125,102.13,85.11,0.118,2021
1629628,RJ Barrett,NYK,21,21,0.524,31.2,5.1,13,0.397,1.6,5,0.321,2.1,3.1,0.692,0.6,5.3,5.9,2.1,1.7,0.4,0.3,14,-1.8,24.8,1,0,106.1,109,-2.9,0.105,1.25,0.087,9.4,0.46,0.491,0.217,98.37,81.97,0.079,2021
1629629,Cam Reddish,ATL,22,21,0.524,22.5,4,9.6,0.413,1.6,4.2,0.382,2,2.2,0.891,0.9,2,2.8,0.9,1.3,1.1,0.2,11.5,-2.5,18.7,0,0,103.5,107.3,-3.9,0.067,0.68,0.056,10.4,0.498,0.545,0.22,100.84,84.04,0.084,2021
1629630,Ja Morant,MEM,22,19,0.474,32.6,8.9,18.8,0.476,1.6,4.6,0.356,4.6,5.9,0.777,1.3,4.3,5.6,6.8,3.2,1.6,0.3,24.1,-4.4,43.4,4,0,109.3,114.9,-5.6,0.347,2.15,0.084,10.1,0.52,0.564,0.31,100.66,83.89,0.153,2021
1629631,De'Andre Hunter,ATL,24,11,0.273,27.8,4.5,10.1,0.45,1.4,3.5,0.395,0.4,0.9,0.4,0.4,2.4,2.7,0.6,1.3,0.6,0.3,10.8,-2.5,16.5,0,0,112,114.8,-2.8,0.031,0.5,0.047,10.3,0.518,0.516,0.178,99.56,82.97,0.038,2021
1629632,Coby White,CHI,21,9,0.556,17.5,2.4,7,0.349,0.8,3.4,0.226,0.4,0.8,0.571,0.1,2.4,2.6,1.3,0.9,0.1,0.1,6.1,1.3,11,0,0,105.3,101.6,3.7,0.103,1.5,0.073,9.3,0.405,0.416,0.204,99.97,83.31,0.041,2021
1629633,Jarrett Culver,MEM,22,6,0.333,8.2,1.3,2.8,0.471,0.3,1.2,0.286,0.7,1,0.667,0.2,1,1.2,0.8,0.3,0.2,0,3.7,-0.2,6.5,0,0,100.9,106.9,-6,0.143,2.5,0.063,7.5,0.529,0.56,0.171,99.9,83.25,0.106,2021
1629634,Brandon Clarke,MEM,25,18,0.444,16.1,3.3,5.4,0.608,0,0.4,0,1,1.5,0.667,1.8,2.7,4.5,1.4,0.4,0.4,0.8,7.6,-0.6,18.3,0,0,110.4,110.7,-0.3,0.128,3.57,0.124,5,0.608,0.625,0.16,102.87,85.73,0.123,2021
1629635,Sekou Doumbouya,LAL,20,2,0,8.2,2.5,4,0.625,0.5,1,0.5,1.5,2,0.75,1,2,3,0,1,1.5,1,7,12,17.1,0,0,105.2,41.9,63.2,0,0,0.15,17,0.688,0.717,0.286,106.94,89.11,0.376,2021
1629636,Darius Garland,CLE,21,20,0.55,34.6,7,15.3,0.458,2.6,7.1,0.359,2,2.3,0.848,0.4,2.2,2.6,7.2,3.8,1.2,0.1,18.5,4.8,32.1,5,0,109,103.6,5.4,0.326,1.88,0.037,13.9,0.541,0.567,0.253,97.28,81.06,0.109,2021
1629637,Jaxson Hayes,NOP,21,19,0.158,12.2,2.1,4.1,0.519,0.2,0.6,0.364,1.5,1.9,0.757,1.3,2,3.3,0.3,0.6,0.3,0.6,5.9,-2.3,12.3,0,0,98.6,104.9,-6.3,0.039,0.42,0.124,10.9,0.545,0.6,0.186,101.69,84.74,0.11,2021
1629638,Nickeil Alexander-Walker,NOP,23,24,0.25,28.9,5.1,14,0.367,2,6.9,0.295,1.6,2,0.792,1.1,3,4.1,2.6,1.4,1,0.4,13.9,-4.3,25.6,2,0,104.4,113.3,-8.9,0.142,1.91,0.068,7.3,0.44,0.468,0.237,98.91,82.42,0.076,2021
1629639,Tyler Herro,MIA,21,19,0.579,33.7,8.3,18.5,0.45,2.9,7.4,0.393,2.2,2.5,0.875,0.7,4.8,5.5,3.8,2.9,0.5,0.1,21.7,3.8,32.9,1,0,110.2,105.7,4.5,0.193,1.3,0.08,11.2,0.528,0.555,0.282,97.95,81.62,0.129,2021
1629640,Keldon Johnson,SAS,22,19,0.316,31.4,5.9,12.5,0.471,1.1,2.7,0.404,2.1,3.2,0.65,1.2,5.3,6.4,2.1,1.4,1,0.2,14.9,-0.9,28,2,0,103.9,105.2,-1.3,0.092,1.5,0.095,7.9,0.515,0.537,0.202,101.86,84.88,0.101,2021
1629641,Romeo Langford,BOS,22,17,0.529,19,1.7,4.4,0.387,0.9,2.1,0.429,0.5,0.6,0.727,0.9,2.2,3.2,0.5,0.6,0.4,0.1,4.8,-0.2,10.4,0,0,103.9,103.9,0,0.041,0.9,0.077,10.1,0.487,0.507,0.117,97.81,81.51,0.053,2021
1629642,Nassir Little,POR,21,21,0.476,22.4,3.1,6.5,0.478,1,3,0.317,1.1,1.4,0.828,1.4,3.9,5.3,0.8,0.9,0.8,0.6,8.3,-0.8,19.1,1,0,111.6,112.6,-1,0.049,0.84,0.118,10.3,0.551,0.585,0.151,98.75,82.29,0.088,2021
1629643,Chuma Okeke,ORL,23,17,0.235,21.2,2.5,6.7,0.377,0.7,3.1,0.226,1.2,1.4,0.87,0.6,3.5,4.1,1.2,0.8,0.7,0.2,6.9,-6.8,15.7,0,0,92.8,110.1,-17.4,0.098,1.5,0.086,8.8,0.43,0.475,0.161,100.76,83.97,0.078,2021
1629644,KZ Okpala,MIA,22,10,0.7,6.3,0.5,1.7,0.294,0.1,0.9,0.111,0.6,0.8,0.75,0.5,0.8,1.3,0.3,0,0.1,0.1,1.7,-3,4.3,0,0,90,111.2,-21.2,0.081,0,0.101,0,0.324,0.414,0.145,97.72,81.44,0.059,2021
1629645,Kevin Porter Jr.,HOU,21,18,0.278,30.9,4.5,12.4,0.362,1.8,5.8,0.317,2.3,3.7,0.621,0.9,3.7,4.6,5.8,4.1,1.4,0.3,13.1,-3.2,28.4,3,0,100.2,106.1,-5.8,0.287,1.41,0.07,17.2,0.435,0.466,0.245,102.42,85.35,0.076,2021
1629646,Charles Bassey,PHI,21,10,0.4,8.1,1.2,1.8,0.667,0,0.3,0,0.5,0.7,0.714,1,1.9,2.9,0.2,0.3,0.1,0.7,2.9,-0.4,8.8,0,0,98.9,100.1,-1.3,0.039,0.67,0.176,11.5,0.667,0.688,0.13,96.63,80.53,0.137,2021
1629647,Darius Bazley,OKC,21,21,0.286,27.9,3.3,9.4,0.348,1,3.8,0.266,1.2,1.9,0.625,1,5.7,6.7,1.4,1.4,0.8,1.1,8.8,-6.7,23.1,1,0,98.9,111.2,-12.3,0.076,1,0.108,10.9,0.402,0.427,0.176,100.78,83.98,0.074,2021
1629649,Ignas Brazdeikis,ORL,22,11,0.091,8.4,0.6,2.5,0.259,0.3,1.5,0.188,0.1,0.2,0.5,0.5,1.1,1.5,0.5,0.3,0.3,0,1.6,-0.9,4.7,0,0,102.4,108.2,-5.8,0.079,1.67,0.083,8.4,0.315,0.323,0.14,102.56,85.47,0.016,2021
1629650,Moses Brown,DAL,22,8,0.5,4,0.6,0.8,0.833,0,0,0,0.4,1,0.375,0.3,0.8,1,0,0.5,0.1,0.3,1.6,0,3.5,0,0,103.2,98.6,4.6,0,0,0.133,29.6,0.833,0.683,0.179,108.56,90.46,0.042,2021
1629651,Nic Claxton,BKN,22,4,0.5,18.9,2.8,5,0.55,0,0,0,1,2.3,0.444,0.8,4.8,5.5,0.8,0.8,0,1,6.5,-5.5,16.5,0,0,100.6,107.9,-7.3,0.06,1,0.126,10,0.55,0.543,0.151,105.73,88.11,0.093,2021
1629652,Luguentz Dort,OKC,22,20,0.3,32.7,5.9,13.7,0.432,2.4,7.3,0.324,2.8,3.3,0.846,0.8,3.5,4.2,2,1.7,0.9,0.3,16.9,-6.2,26.7,0,0,97.7,107.9,-10.2,0.101,1.18,0.057,8.8,0.518,0.56,0.216,100.93,84.11,0.084,2021
1629653,Devon Dotson,CHI,22,2,0.5,6.3,0.5,1.5,0.333,0,1,0,0,0,0,0,2.5,2.5,1.5,0.5,0,0,1,2.5,5.8,0,0,108.2,85.3,22.9,0.3,3,0.167,14.3,0.333,0.333,0.138,100.69,83.91,0.119,2021
1629655,Daniel Gafford,WAS,23,19,0.632,21.1,4,6,0.667,0,0,0,1.3,1.9,0.694,2.1,3.8,5.9,1.1,1.1,0.6,2.1,9.3,-2.5,24.8,3,0,103.1,107.6,-4.5,0.081,0.95,0.13,12.3,0.667,0.682,0.163,98.41,82.01,0.129,2021
1629656,Quentin Grimes,NYK,21,9,0.556,6.4,0.6,1.7,0.333,0.6,1.4,0.385,0,0,0,0.2,0.6,0.8,0.1,0.3,0,0,1.7,-2.2,2.4,0,0,99.7,108.8,-9,0.029,0.33,0.056,15.8,0.5,0.5,0.135,99.15,82.62,0.02,2021
1629659,Talen Horton-Tucker,LAL,21,10,0.5,28.8,4,10.6,0.377,1,3.5,0.286,1.9,2,0.95,0.7,4.4,5.1,2.6,1.5,0.9,0.6,10.9,-2,23.9,1,0,106.2,107,-0.8,0.131,1.73,0.085,9.6,0.425,0.475,0.192,102.75,85.62,0.066,2021
1629660,Ty Jerome,OKC,24,18,0.333,13.1,2.3,5.6,0.406,1.1,3.3,0.317,1.3,1.5,0.852,0.3,0.8,1.2,1.1,0.3,0.7,0.1,6.9,1.5,11.9,0,0,101.4,98.5,2.9,0.138,3.8,0.042,3.7,0.5,0.549,0.208,100.71,83.92,0.099,2021
1629661,Cameron Johnson,PHX,25,21,0.857,22.4,3.1,7.5,0.411,1.9,4.8,0.39,0.7,1,0.714,0.3,2.9,3.2,1.2,0.6,0.7,0.2,8.8,2.6,16.6,0,0,104.6,97.7,6.9,0.077,1.92,0.065,6.3,0.535,0.55,0.156,104.6,87.17,0.086,2021
1629663,Louis King,SAC,22,3,0.333,16.5,2.3,7,0.333,1.3,4.7,0.286,2,2.3,0.857,0,2.3,2.3,0.3,0,0.7,0,8,-4.3,13.3,0,0,94.8,104.8,-10,0.036,0,0.059,0,0.429,0.498,0.198,103.34,86.12,0.069,2021
1629667,Jalen McDaniels,CHA,23,22,0.545,15.1,1.9,3.6,0.525,0.9,2,0.455,0.7,1.1,0.64,0.6,2.7,3.3,1,0.6,0.4,0.4,5.5,1.7,12.4,0,0,115.7,108.6,7.1,0.085,1.62,0.106,10.4,0.65,0.659,0.134,101.19,84.32,0.086,2021
1629669,Jaylen Nowell,MIN,22,11,0.545,5.8,1.1,3,0.364,0.1,0.7,0.125,0.2,0.2,1,0.3,0.6,0.9,0.8,0.1,0.3,0.3,2.5,-0.2,6.3,0,0,104.1,104.6,-0.5,0.209,9,0.069,2.3,0.379,0.398,0.215,104.04,86.7,0.094,2021
1629670,Jordan Nwora,MIL,23,19,0.579,19.2,2.8,7.2,0.394,1.3,3.7,0.352,0.6,0.7,0.846,0.5,3,3.5,1.2,1.3,0.2,0.5,7.6,-2.1,14.4,0,0,101.4,105.6,-4.1,0.097,0.96,0.083,12.7,0.485,0.504,0.188,103.47,86.23,0.08,2021
1629671,Miye Oni,UTA,24,10,0.9,3,0.1,0.5,0.2,0,0.4,0,0,0.1,0,0,0.4,0.4,0.3,0.1,0,0,0.2,-3.2,1,0,0,83.2,128,-44.9,0.188,3,0.063,10.6,0.2,0.184,0.09,99.68,83.07,-0.009,2021
1629672,Eric Paschall,UTA,25,19,0.737,12.1,1.3,3,0.421,0.5,1.9,0.278,0.6,0.9,0.706,0.7,1.3,2,0.7,0.5,0.1,0.2,3.7,-0.5,7.5,0,0,98.8,102.9,-4.1,0.097,1.4,0.076,11.3,0.509,0.543,0.136,98.46,82.05,0.07,2021
1629673,Jordan Poole,GSW,22,21,0.857,30.4,6.7,14.6,0.456,2.9,8.2,0.347,2.3,2.6,0.907,0.3,2.9,3.1,3.3,2.5,1.1,0.2,18.5,6,28.8,0,0,110.7,101.8,8.9,0.17,1.35,0.051,11.5,0.554,0.588,0.254,101.29,84.41,0.101,2021
1629675,Naz Reid,MIN,22,20,0.5,16,3.3,6.7,0.493,0.8,2.3,0.333,1.4,1.9,0.711,1.4,2.1,3.5,0.8,0.8,0.6,1,8.7,-3.4,17.8,0,0,98.2,107.4,-9.2,0.081,0.94,0.097,8.8,0.549,0.577,0.211,102.99,85.83,0.102,2021
1629676,Isaiah Roby,OKC,23,11,0.091,12.3,2.6,4.9,0.537,0.4,1.2,0.308,0.7,1,0.727,1.1,1.6,2.7,0.8,0.5,0.3,0.5,6.4,0.5,12.5,0,0,103.7,102.9,0.8,0.114,1.5,0.105,8.1,0.574,0.595,0.198,101.86,84.89,0.118,2021
1629680,Matisse Thybulle,PHI,24,15,0.6,25.5,2.6,5,0.52,0.7,2.4,0.306,0.4,0.4,1,0.5,1.9,2.5,1.1,1.1,2.1,1.5,6.3,0.5,20.6,0,0,107.5,103.1,4.4,0.061,0.94,0.048,15.4,0.593,0.612,0.11,96.96,80.8,0.073,2021
1629681,Killian Tillie,MEM,23,7,0.286,7.5,0.9,2.7,0.316,0.4,1.6,0.273,0,0,0,0.6,0.3,0.9,0.3,0.1,0.6,0.7,2.1,-1,7.3,0,0,91.5,104.5,-13,0.057,2,0.048,4.5,0.395,0.395,0.15,101.72,84.76,0.042,2021
1629684,Grant Williams,BOS,23,22,0.545,21.2,2.5,5,0.514,1.5,3.4,0.432,0.9,1,0.905,0.6,2.8,3.4,1.1,0.5,0.3,0.5,7.4,-1.2,15.2,0,0,103.2,106.5,-3.3,0.078,2.18,0.078,7.2,0.661,0.689,0.12,98.17,81.8,0.091,2021
1629685,Dylan Windler,CLE,25,16,0.563,11.4,1,2.3,0.444,0.6,1.4,0.391,0.2,0.3,0.75,0.4,1.5,1.9,1.1,0.5,0.2,0.1,2.8,-0.7,7.2,0,0,104,107.2,-3.2,0.153,2.25,0.089,12.5,0.569,0.583,0.112,98.16,81.8,0.068,2021
1629712,Didi Louzada,NOP,22,2,0,3.5,0,1.5,0,0,1.5,0,0,0,0,1,0,1,0.5,0,0,0,0,-2,2,0,0,90.8,127.6,-36.8,0.2,0,0.125,0,0,0,0.188,100.38,83.65,-0.032,2021
1629717,Armoni Brooks,HOU,23,17,0.294,12.1,1.9,4.9,0.386,1.5,4.1,0.362,0.4,0.5,0.875,0.2,1.1,1.4,0.5,0.2,0.6,0.2,5.6,2.7,10.1,0,0,108.1,97.2,10.9,0.062,2.25,0.051,4,0.536,0.555,0.177,104.19,86.82,0.075,2021
1629719,Devontae Cacok,SAS,25,1,1,1.8,1,1,1,0,0,0,0,0,0,1,1,2,1,0,0,0,2,1,5.9,0,0,200,150,50,1,0,0.667,0,1,1,0.333,68.57,57.14,0.563,2021
1629723,John Konchar,MEM,25,19,0.579,14.3,1.5,2.9,0.509,0.3,1.1,0.3,0.2,0.4,0.375,1,2.5,3.5,1.2,0.6,0.6,0.2,3.4,-2.3,11.2,0,0,103.8,111.5,-7.7,0.111,2,0.111,12,0.564,0.555,0.104,100.3,83.58,0.081,2021
1629726,Garrison Mathews,HOU,25,8,0.5,25.5,3.6,7.6,0.475,2.8,6.6,0.415,1.3,1.6,0.769,0.9,1.8,2.6,0.5,0.3,0.4,0.3,11.3,6.6,16.8,0,0,116.1,102.4,13.8,0.026,2,0.05,2.8,0.656,0.674,0.14,101.74,84.78,0.065,2021
1629731,Dean Wade,CLE,25,16,0.438,22.4,1.8,4.5,0.403,0.9,2.9,0.298,0.3,0.4,0.833,0.8,2.5,3.3,1.3,0.3,0.7,0.1,4.8,-0.8,12.6,0,0,99.5,102.5,-2.9,0.086,4.2,0.072,5,0.5,0.516,0.097,98,81.67,0.055,2021
1629744,Matt Thomas,CHI,27,7,0.714,4.2,0.6,2.3,0.25,0.1,1,0.143,0,0,0,0,0.3,0.3,0,0,0.1,0.1,1.3,-2.9,2.5,0,0,82.7,111.8,-29.1,0,0,0.033,0,0.281,0.281,0.229,104.67,87.23,-0.004,2021
1629750,Javonte Green,CHI,28,22,0.636,20.2,2.1,4.2,0.5,0.5,1.2,0.385,0.8,1.1,0.75,1.4,2.8,4.2,0.7,0.7,0.9,0.4,5.5,1.7,14.6,0,0,108.3,103.7,4.6,0.047,1,0.104,11.9,0.554,0.585,0.116,101.24,84.36,0.069,2021
1629833,Keljin Blevins,POR,26,1,1,3.2,0,0,0,0,0,0,0,0,0,0,0,0,0,1,0,0,0,0,-1,0,0,77.3,87.2,-9.9,0,0,0,100,0,0,0.091,113.09,94.24,-0.25,2021
1630162,Anthony Edwards,MIN,20,22,0.5,36.4,8.2,19.1,0.428,3,8.7,0.349,2.7,3.5,0.769,1.5,5,6.5,3.5,3.2,1.5,0.7,22.1,3.5,38.7,3,0,107.2,102.6,4.6,0.163,1.1,0.082,11.7,0.507,0.535,0.272,99.35,82.79,0.121,2021
1630163,LaMelo Ball,CHA,20,24,0.542,33.3,7.3,17.3,0.418,2.9,7.5,0.391,2.6,2.9,0.9,1.5,6.2,7.7,8.3,3.3,1.9,0.4,20,2,45.4,10,2,112.2,109.7,2.5,0.355,2.54,0.107,10.8,0.502,0.538,0.268,102.99,85.83,0.139,2021
1630165,Killian Hayes,DET,20,16,0.25,25.5,2.1,6.3,0.327,0.9,2.7,0.349,0.9,1,0.938,0.8,2.9,3.6,3.7,1.7,1.4,0.3,6,-7.2,19.3,1,0,94.2,106.1,-11.9,0.225,2.19,0.066,13.9,0.401,0.444,0.14,99.19,82.66,0.063,2021
1630166,Deni Avdija,WAS,20,22,0.636,21.7,2.2,5.3,0.419,0.7,2.5,0.291,0.9,1.4,0.645,0.9,4.3,5.1,1.2,0.6,0.6,0.8,6.1,2.8,17.6,1,0,107,100.6,6.4,0.079,2.08,0.112,7.6,0.487,0.513,0.13,99.98,83.32,0.083,2021
1630167,Obi Toppin,NYK,23,21,0.524,15.1,3.1,5.9,0.537,0.3,1.6,0.176,1.6,2.1,0.75,1,2.5,3.5,1,0.9,0.3,0.7,8.1,4.6,16,0,0,114.6,98.7,16,0.109,1.16,0.11,10.4,0.561,0.601,0.215,98.94,82.45,0.128,2021
1630169,Tyrese Haliburton,SAC,21,21,0.429,33.2,4.5,10.5,0.427,1.5,4.2,0.364,1,1.3,0.75,1,2.7,3.7,5.5,1.8,1.8,0.7,11.5,-2.3,29.8,2,0,104.8,107.9,-3.1,0.237,3.11,0.052,9.6,0.5,0.519,0.158,101.88,84.9,0.1,2021
1630170,Devin Vassell,SAS,21,17,0.235,25.8,4.6,9.9,0.467,1.9,4.9,0.393,0.9,1.3,0.727,0.5,3.4,3.9,1.5,0.8,1.2,0.7,12.2,-0.2,24.1,0,0,105.8,107.3,-1.5,0.079,1.92,0.071,6,0.565,0.579,0.18,103.35,86.12,0.097,2021
1630171,Isaac Okoro,CLE,20,15,0.467,29.6,2.9,7.5,0.393,0.6,2.9,0.209,1.4,1.9,0.724,1.5,2.7,4.2,1.9,1.1,0.9,0.3,7.9,-0.7,18.2,0,0,103.1,103.2,-0.1,0.094,1.65,0.069,10,0.433,0.473,0.138,98.32,81.94,0.05,2021
1630172,Patrick Williams,CHI,20,5,0.8,24.9,2.6,4.6,0.565,0.6,1.2,0.5,0.8,0.8,1,0.2,2,2.2,0.6,0.4,0.6,0.4,6.6,2.4,12.7,0,0,103.2,98.2,5,0.033,1.5,0.043,6.7,0.63,0.666,0.093,101.27,84.39,0.056,2021
1630173,Precious Achiuwa,TOR,22,19,0.474,25.9,3.3,8.7,0.38,0.4,1.3,0.28,1,1.7,0.576,2.1,5.8,7.9,1.5,1.1,0.5,0.5,8,-0.1,21.8,3,0,104.4,105.3,-0.9,0.085,1.45,0.144,8.7,0.401,0.421,0.173,97.23,81.03,0.076,2021
1630174,Aaron Nesmith,BOS,22,17,0.529,9.3,0.9,3,0.314,0.5,2.2,0.211,0.1,0.1,1,0.4,1.1,1.5,0.3,0.5,0.2,0,2.5,-4.2,4.9,0,0,89.4,111.5,-22.1,0.054,0.63,0.076,12.3,0.392,0.405,0.16,99.65,83.04,0.021,2021
1630175,Cole Anthony,ORL,21,17,0.294,34.2,6.9,16.4,0.421,2.7,7.5,0.359,3.4,3.9,0.866,0.5,6.3,6.8,5.9,2.8,1.1,0.2,19.9,-0.6,38,4,0,105.3,107.1,-1.8,0.283,2.1,0.093,10.5,0.504,0.55,0.257,99.14,82.61,0.136,2021
1630176,Vernon Carey Jr.,CHA,20,1,1,0.8,0,1,0,0,0,0,0,0,0,0,1,1,0,0,0,0,0,0,1.2,0,0,0,0,0,0,0,0.5,0,0,0,1,90.19,75.16,0,2021
1630177,Theo Maledon,OKC,20,12,0.25,12.9,0.8,3.3,0.225,0.3,2.2,0.115,0.8,1,0.833,0.4,1.3,1.8,1,1.2,0.3,0.1,2.6,-3.8,6.3,0,0,93.3,110.3,-17,0.117,0.86,0.062,19.6,0.263,0.342,0.164,101.67,84.72,0.016,2021
1630178,Tyrese Maxey,PHI,21,22,0.5,35.6,6.5,14,0.468,1.2,3.2,0.366,3.2,3.6,0.888,0.4,3.5,3.9,4.9,1.2,0.7,0.6,17.5,1,32.2,0,0,110.5,108.6,1.9,0.216,3.96,0.054,5.7,0.51,0.561,0.21,96.61,80.51,0.108,2021
1630180,Saddiq Bey,DET,22,21,0.19,32.2,4.7,13.1,0.355,1.8,6.2,0.285,1.4,2,0.732,2,4.2,6.2,2.6,1.3,1,0.2,12.5,-8,26.1,1,0,95.5,108.8,-13.3,0.137,1.93,0.09,7.4,0.422,0.447,0.201,98.87,82.39,0.08,2021
1630181,R.J. Hampton,ORL,20,23,0.217,18.6,2.6,6.4,0.408,1,2.6,0.4,1.2,2.1,0.563,0.3,2.9,3.2,2.3,1.5,0.5,0.2,7.4,-6.5,15.4,0,0,93,111.3,-18.3,0.219,1.56,0.08,13.3,0.49,0.509,0.2,101.54,84.62,0.082,2021
1630182,Josh Green,DAL,21,10,0.4,5.2,0.6,1.3,0.462,0,0.2,0,0,0,0,0.4,0.7,1.1,0.4,0.2,0.2,0.1,1.2,3.9,3.8,0,0,120.3,89.4,30.9,0.089,2,0.107,10.5,0.462,0.462,0.113,109.15,90.96,0.062,2021
1630183,Jaden McDaniels,MIN,21,20,0.5,25.3,2.6,6.2,0.415,0.7,2.7,0.264,0.4,0.6,0.636,1.6,2.9,4.5,0.9,1,1,0.6,6.2,0.4,16.5,0,0,102.5,101.3,1.2,0.048,0.89,0.079,11.6,0.472,0.481,0.118,101.51,84.59,0.037,2021
1630184,Kira Lewis Jr.,NOP,20,21,0.238,14.7,2.5,6.2,0.397,0.6,2.5,0.231,0.3,0.4,0.778,0.4,1.4,1.8,2,1.2,0.5,0,5.9,-5.2,11.3,0,0,93.3,110.1,-16.8,0.235,1.72,0.054,12.3,0.443,0.456,0.212,102.44,85.37,0.073,2021
1630186,Jahmi'us Ramsey,SAC,20,7,0.143,6.6,0.7,2,0.357,0.1,0.9,0.167,0.3,0.6,0.5,0,0,0,0.3,0,0,0.1,1.9,1,2.7,0,0,127,125.6,1.4,0.053,0,0,0,0.393,0.412,0.147,101.78,84.82,0.007,2021
1630188,Jalen Smith,PHX,21,6,0.833,5.4,0.7,1.8,0.364,0,0.3,0,0.8,0.8,1,0.7,1.7,2.3,0,0.2,0.2,0.2,2.2,0,5.8,0,0,89.6,88.6,1,0,0,0.171,7,0.364,0.492,0.177,103.73,86.44,0.154,2021
1630190,Elijah Hughes,UTA,23,6,0.833,2.8,0,0.3,0,0,0.2,0,0.3,0.3,1,0,0.2,0.2,0,0.2,0,0,0.3,-3.3,0.4,0,0,85,132.7,-47.8,0,0,0.03,25.8,0,0.347,0.105,107.21,89.35,-0.032,2021
1630191,Isaiah Stewart,DET,20,19,0.211,24.6,3.3,6.2,0.525,0.1,0.6,0.091,0.8,1.2,0.727,2.4,5.3,7.6,1.1,1.1,0.4,1.2,7.4,-7.6,21.6,1,0,91.2,106,-14.8,0.076,0.95,0.144,12.4,0.53,0.552,0.135,98.52,82.1,0.105,2021
1630192,Zeke Nnaji,DEN,20,9,0.556,12.1,2.3,4.3,0.538,1.3,2,0.667,0.8,1.3,0.583,1,2.2,3.2,0.1,0.6,0,0.4,6.8,1.4,11.6,0,0,118.8,114.5,4.3,0.014,0.2,0.147,9.9,0.692,0.689,0.207,94.84,79.03,0.113,2021
1630193,Immanuel Quickley,NYK,22,21,0.524,20,3,7.6,0.403,1.7,4.7,0.367,1.6,1.8,0.919,0.5,1.8,2.2,2.5,1,0.5,0,9.4,5.2,16.4,0,0,111.6,97.7,14,0.193,2.6,0.053,8.1,0.516,0.565,0.201,97.53,81.28,0.101,2021
1630194,Paul Reed,PHI,22,14,0.5,9.8,1.3,2.5,0.514,0,0.2,0,0,0,0,1.1,1.6,2.7,0.6,0.4,0.6,0.6,2.6,-3.4,10.1,0,0,106.8,122,-15.2,0.08,1.33,0.137,12.2,0.514,0.514,0.123,98.73,82.28,0.075,2021
1630195,Leandro Bolmaro,MIN,21,11,0.545,7.1,0.5,1.4,0.4,0.1,0.5,0.167,0.4,0.5,0.8,0.5,1.2,1.7,0.4,0.6,0.1,0,1.5,-0.9,3.8,0,0,105.4,107.9,-2.5,0.07,0.57,0.113,24.8,0.433,0.494,0.127,106.13,88.44,0.036,2021
1630197,Aleksej Pokusevski,OKC,19,21,0.286,14.5,2,5.6,0.35,0.5,2.5,0.192,0.2,0.4,0.625,1,3.1,4,1.3,1.2,0.4,0.4,4.6,-1.5,12.8,0,0,92.1,100.7,-8.6,0.149,1.08,0.126,14.5,0.393,0.402,0.196,100.56,83.8,0.08,2021
1630198,Isaiah Joe,PHI,22,13,0.538,9.6,1.2,3.5,0.333,0.8,2.6,0.294,0.3,0.3,1,0.2,1.1,1.2,0.6,0.3,0.1,0,3.4,-1.9,5.7,0,0,101,107.8,-6.8,0.098,2,0.061,6.8,0.444,0.47,0.171,99.4,82.83,0.055,2021
1630200,Tre Jones,SAS,21,17,0.353,9,1.7,3.1,0.558,0,0.2,0,0.5,0.5,1,0.1,0.9,0.9,1.3,0.6,0.2,0,3.9,-0.5,7,0,0,106.9,109.4,-2.5,0.216,2,0.05,12.4,0.558,0.594,0.184,100.04,83.37,0.1,2021
1630201,Malachi Flynn,TOR,23,16,0.438,8.6,1.1,3.1,0.34,0.4,1.5,0.25,0.2,0.3,0.6,0.3,1,1.3,0.9,0.3,0.5,0.1,2.7,-1.5,7.2,0,0,102.6,109.5,-6.9,0.167,3,0.067,6.9,0.4,0.412,0.165,100.94,84.12,0.061,2021
1630202,Payton Pritchard,BOS,23,18,0.556,8.8,0.6,2.6,0.213,0.4,1.7,0.233,0.2,0.2,1,0.3,0.8,1.1,1.1,0.7,0,0.1,1.7,-2.1,4.3,0,0,95,111.1,-16.1,0.19,1.67,0.055,14.9,0.287,0.31,0.155,102.14,85.12,0.008,2021
1630205,Lamar Stevens,CLE,24,12,0.667,10.7,1.1,3.1,0.351,0.3,0.9,0.364,0.2,0.3,0.667,0.7,0.8,1.5,0.3,0.3,0.2,0.3,2.7,0.3,6.1,0,0,106.4,100.8,5.6,0.034,1,0.07,6.8,0.405,0.418,0.134,100.62,83.85,0.021,2021
1630206,Jay Scrubb,LAC,21,7,0.429,6.9,1.6,3.7,0.423,0.6,1.7,0.333,0.1,0.3,0.5,0,0.6,0.6,0.6,0.1,0.1,0.3,3.9,1.1,6.5,0,0,108.5,102.7,5.7,0.121,4,0.04,3.1,0.5,0.502,0.228,108.46,90.39,0.086,2021
1630208,Nick Richards,CHA,24,19,0.526,8.6,1.3,2,0.658,0,0,0,0.6,0.7,0.786,0.9,1.1,1.9,0.2,0.6,0.2,0.6,3.2,-2.3,7.8,0,0,101.9,115.3,-13.4,0.037,0.33,0.106,19.9,0.658,0.691,0.136,104.72,87.26,0.07,2021
1630209,Omer Yurtseven,MIA,23,13,0.615,3.1,0.7,1.4,0.5,0,0,0,0.2,0.3,0.75,0.2,0.7,0.9,0.1,0.2,0,0.2,1.6,0.5,3.1,0,0,113.4,97.8,15.6,0.037,0.33,0.16,12.6,0.5,0.531,0.227,105.67,88.06,0.119,2021
1630210,Markus Howard,DEN,22,11,0.455,5.8,0.6,2.5,0.25,0.5,1.9,0.238,0.4,0.4,1,0,0.2,0.2,0.4,0.3,0.4,0,2.1,0.4,3.7,0,0,104.4,104.9,-0.5,0.095,1.33,0.016,8.2,0.339,0.386,0.206,101.5,84.58,0.03,2021
1630214,Xavier Tillman,MEM,22,14,0.5,12.7,1.6,4.1,0.404,0.1,1.2,0.118,0.6,0.9,0.692,1,1.9,2.9,1.2,0.5,1.1,0.1,4.1,-4.9,12.5,0,0,99.5,117.8,-18.3,0.145,2.43,0.109,8.1,0.421,0.454,0.167,96.95,80.79,0.087,2021
1630215,Jared Butler,UTA,21,14,0.857,4.6,0.6,2,0.286,0.3,1.1,0.25,0.3,0.5,0.571,0,0.5,0.5,0.5,0.5,0.1,0.4,1.7,-1.2,4.3,0,0,97.6,108.9,-11.4,0.194,1,0.048,15.5,0.357,0.386,0.238,105.58,87.98,0,2021
1630217,Desmond Bane,MEM,23,21,0.524,28.9,6.1,12.9,0.472,2.6,6.6,0.396,1.1,1.3,0.889,0.6,3.5,4,2,1.5,0.8,0.3,16,0.2,25.5,0,0,110,109.5,0.5,0.103,1.28,0.066,9,0.574,0.592,0.21,101.26,84.38,0.095,2021
1630218,Robert Woodard II,SAC,22,1,0,3.2,0,0,0,0,0,0,0,0,0,0,0,0,0,0,0,0,0,4,0,0,0,129,103.1,25.9,0,0,0,0,0,0,0,75.79,63.16,0,2021
1630219,Skylar Mays,ATL,24,7,0.714,2.7,0.6,0.7,0.8,0.1,0.3,0.5,0.7,0.7,1,0,0.3,0.3,0.1,0.3,0,0,2,-0.9,2.3,0,0,93.4,110.5,-17.1,0.111,0.5,0.057,19.6,0.9,0.972,0.184,113.65,94.71,0.146,2021
1630224,Jalen Green,HOU,19,18,0.111,30.8,4.8,12.7,0.382,1.8,6.4,0.278,2.6,3.2,0.807,0.4,2.7,3.1,2.3,2.7,0.6,0.2,14,-13.8,21,0,0,90.2,112.4,-22.2,0.132,0.86,0.047,14.2,0.452,0.498,0.223,103.28,86.07,0.064,2021
1630225,Isaiah Todd,WAS,20,3,0,2.4,0.7,1.7,0.4,0.7,1,0.667,0.3,0.7,0.5,0,0.3,0.3,0,0,0.3,0.3,2.3,2,4.7,0,0,109.7,73.5,36.2,0,0,0.067,0,0.6,0.595,0.429,88.56,73.8,0.275,2021
1630227,Daishen Nix,HOU,19,1,1,1.9,0,0,0,0,0,0,0,0,0,0,0,0,1,0,0,0,0,-4,1.5,0,0,50,129.3,-79.3,1,0,0,0,0,0,0,129.73,108.11,0.2,2021
1630228,Jonathan Kuminga,GSW,19,14,0.857,7.2,1.1,2.8,0.41,0.1,1,0.143,0.6,0.9,0.615,0.5,1.1,1.6,0.4,0.6,0.3,0.1,3,0.9,6.2,0,0,101.9,96.9,5,0.083,0.63,0.106,13.9,0.436,0.47,0.213,106.22,88.52,0.05,2021
1630230,Naji Marshall,NOP,23,17,0.176,12.1,1.1,3.5,0.322,0.2,1.4,0.13,1.5,1.7,0.862,0.8,2.4,3.1,1.1,1.1,0.5,0.2,3.9,-2.4,10.2,0,0,95.5,106.3,-10.9,0.146,1.06,0.115,16.6,0.347,0.46,0.177,103.26,86.05,0.077,2021
1630231,Kenyon Martin Jr.,HOU,20,20,0.25,15.6,2.9,5.3,0.538,0.4,1.5,0.276,0.7,1.1,0.667,0.6,2.6,3.1,1,0.5,0.5,0.5,6.8,-0.2,14.3,0,0,105.4,104.4,1.1,0.091,1.9,0.093,6.9,0.575,0.59,0.165,105.49,87.91,0.117,2021
1630233,Nathan Knight,MIN,24,8,0.625,2.6,0.5,0.5,1,0,0,0,0.8,1,0.75,0.1,0.5,0.6,0.4,0.3,0.1,0.1,1.8,0.6,3.6,0,0,93.4,77.6,15.7,0.3,1.5,0.094,16,1,0.931,0.189,108.99,90.83,0.262,2021
1630235,Trent Forrest,UTA,23,15,0.667,7.9,0.6,0.9,0.643,0,0.1,0,0.5,0.5,0.875,0.2,0.9,1.1,0.7,0.5,0.3,0,1.7,1.9,4.2,0,0,106.6,98,8.6,0.123,1.25,0.065,22.5,0.643,0.713,0.092,99.94,83.28,0.078,2021
1630238,Malik Fitts,UTA,24,3,1,2.3,0,0,0,0,0,0,0,0,0,0,0.7,0.7,0,0,0,0,0,-2,0.8,0,0,79.9,108.7,-28.8,0,0,0.154,0,0,0,0,109.19,91,0.085,2021
1630240,Saben Lee,DET,22,8,0,11.6,1.3,3.6,0.345,0.3,1.5,0.167,0.8,1.3,0.6,0.1,1.4,1.5,1.4,0.6,0.9,0.1,3.5,1.3,9.7,0,0,103.8,102.9,0.9,0.175,2.2,0.063,10.1,0.379,0.419,0.173,100.99,84.16,0.076,2021
1630241,Sam Merrill,MEM,25,6,0.333,9.6,1.3,4,0.333,1.2,3.8,0.304,0.3,0.7,0.5,0.2,1,1.2,0.7,0.3,0,0,4.2,-1.5,6.2,0,0,98.3,112.3,-14,0.108,2,0.05,6.3,0.479,0.485,0.178,99.6,83,0.054,2021
1630245,Ayo Dosunmu,CHI,21,21,0.619,15.7,2.3,5,0.471,0.8,1.8,0.421,0.3,0.5,0.636,0.5,1.6,2,0.8,0.8,0.4,0.1,5.8,-2.1,10.2,0,0,101.6,105.4,-3.8,0.077,1.06,0.063,11.3,0.548,0.556,0.157,100.83,84.03,0.07,2021
1630249,Vit Krejci,OKC,21,3,0.333,3,0,0.7,0,0,0.7,0,0.7,0.7,1,0,1,1,0,0.3,0,0,0.7,-0.3,1.5,0,0,68.9,82.8,-13.9,0,0,0.125,25.8,0,0.347,0.154,104.99,87.5,0.08,2021
1630250,Marko Simonovic,CHI,22,1,0,6.7,0,1,0,0,1,0,1,2,0.5,0,1,1,0,1,0,0,1,2,1.2,0,0,69.9,50.4,19.4,0,0,0.048,34.7,0,0.266,0.2,96.24,80.2,-0.095,2021
1630256,Jae'Sean Tate,HOU,26,21,0.238,27.8,4.9,9.6,0.507,0.7,2.6,0.259,2,2.6,0.778,2.1,4.5,6.6,2.5,1.9,0.8,0.7,12.4,-5.2,26.6,4,0,96.6,106.5,-9.8,0.152,1.3,0.111,12.6,0.542,0.578,0.189,102.52,85.44,0.111,2021
1630264,Anthony Gill,WAS,29,6,0.333,5.5,1,1.5,0.667,0.5,0.5,1,0,0,0,0.7,0.8,1.5,0.2,0.2,0,0.3,2.5,2.5,5.4,0,0,113,89.3,23.7,0.053,1,0.111,9.1,0.833,0.833,0.12,103.76,86.47,0.142,2021
1630267,Facundo Campazzo,DEN,30,20,0.45,18.3,1.9,4.4,0.432,1.1,2.9,0.386,0.9,1.1,0.81,0.4,1.4,1.8,2.3,1.1,1,0.3,5.8,-8,13.8,0,0,98.6,119.3,-20.6,0.195,2.09,0.05,13.3,0.557,0.591,0.143,97.65,81.37,0.069,2021
1630271,Brodric Thomas,BOS,24,2,0.5,1.1,0,0,0,0,0,0,0,0,0,0.5,0,0.5,0,0.5,0,0,0,-3.5,0.1,0,0,0,175,-175,0,0,0.143,100,0,0,0.143,130.61,108.84,-0.091,2021
1630288,Jeff Dowtin,GSW,24,2,1,2.9,0,0.5,0,0,0,0,0,0,0,0,1,1,0,0,0,0,0,-0.5,1.2,0,0,91.7,98.4,-6.7,0,0,0.167,0,0,0,0.077,104.96,87.46,0,2021
1630466,Gabriel Deck,OKC,26,5,0.4,4.6,0.8,1.4,0.571,0.2,0.4,0.5,0,0,0,0.2,0.4,0.6,0.2,0.2,0.2,0,1.8,1.2,3.2,0,0,98,82.9,15.1,0.077,1,0.051,11.1,0.643,0.643,0.129,110.26,91.88,0.127,2021
1630525,David Johnson,TOR,20,1,1,0.5,0,0,0,0,0,0,0,0,0,0,0,0,0,0,0,0,0,-3,0,0,0,0,300,-300,0,0,0,0,0,0,0,153.74,128.11,0,2021
1630526,Jeremiah Robinson-Earl,OKC,21,21,0.286,22,2.9,6.4,0.448,1.1,3.1,0.369,0.4,0.7,0.6,1.6,4.1,5.8,1,0.9,0.6,0.3,7.3,-4,17.6,2,0,96.7,106.6,-9.9,0.068,1.11,0.117,10.1,0.537,0.544,0.145,99.54,82.95,0.092,2021
1630527,Brandon Boston Jr.,LAC,20,9,0.556,9.1,1.3,3.6,0.375,0.3,1.1,0.3,0.7,0.8,0.857,0.1,1,1.1,0.4,0.4,0.6,0.3,3.7,-1.3,7.9,0,0,94.7,100.6,-5.8,0.071,1,0.058,9.3,0.422,0.47,0.188,106.01,88.35,0.076,2021
1630528,Josh Christopher,HOU,19,13,0.231,7.8,1.2,3.2,0.381,0.3,0.8,0.4,0.5,0.7,0.778,0.3,0.8,1.2,0.9,0.7,0.5,0,3.3,1.3,6.8,0,0,102.4,95.9,6.5,0.182,1.33,0.065,13.4,0.429,0.468,0.215,103.76,86.47,0.078,2021
1630529,Herbert Jones,NOP,23,21,0.286,26.1,2.6,5.7,0.454,0.2,0.9,0.278,0.8,1,0.81,1.3,2,3.3,1.6,1.1,1.5,0.7,6.2,-0.1,18,0,0,105.3,106.4,-1.1,0.086,1.42,0.061,12.9,0.475,0.507,0.116,99.35,82.79,0.05,2021
1630530,Trey Murphy III,NOP,21,23,0.217,15.1,1.6,4.3,0.378,1.2,3.1,0.389,0.4,0.4,0.9,0.7,1.7,2.3,0.6,0.4,0.3,0.2,4.8,-1.7,9.5,0,0,98.2,107.2,-9.1,0.066,1.4,0.07,7.9,0.52,0.542,0.129,102.23,85.19,0.065,2021
1630531,Jaden Springer,PHI,19,1,1,2.1,0,0,0,0,0,0,0,0,0,0,0,0,0,0,0,0,0,-6,0,0,0,40,160,-120,0,0,0,0,0,0,0,116.13,96.77,0,2021
1630532,Franz Wagner,ORL,20,23,0.217,31.6,5.2,11.9,0.436,1.4,3.9,0.36,1.7,2.2,0.78,1.3,3,4.3,2.5,1.2,1.1,0.5,13.4,-3.9,26,0,0,101.4,107.8,-6.3,0.128,2.15,0.063,7.1,0.495,0.524,0.19,98.97,82.48,0.085,2021
1630533,Ziaire Williams,MEM,20,18,0.5,18.6,1.9,5.4,0.357,0.9,3.6,0.246,0.2,0.3,0.667,0.3,1.3,1.6,0.7,0.6,0.4,0.3,5,-3.4,9.6,0,0,107.5,114.5,-6.9,0.049,1.2,0.039,8.2,0.439,0.447,0.138,100.82,84.01,0.021,2021
1630535,Greg Brown III,POR,20,9,0.667,4.5,0.8,2.2,0.35,0,0.4,0,0.2,0.8,0.286,0.6,1,1.6,0.4,0.2,0.2,0.3,1.8,-2.3,5.8,0,0,82.2,101.7,-19.4,0.2,2,0.14,6.9,0.35,0.347,0.234,110.33,91.94,0.073,2021
1630536,Sharife Cooper,ATL,20,5,1,2.2,0.2,0.8,0.25,0,0.4,0,0,0,0,0,0,0,0.8,0.2,0,0,0.4,-1.4,1.4,0,0,75,105.2,-30.2,0.667,4,0,11.1,0.25,0.25,0.179,111.93,93.27,0.047,2021
1630537,Chris Duarte,IND,24,22,0.409,29.5,5.2,12.4,0.418,2,5.5,0.358,0.7,1.1,0.667,0.5,3.6,4,2,1.8,0.9,0.1,13,1.7,22.3,0,0,104.8,103.7,1.1,0.1,1.13,0.065,10.9,0.496,0.506,0.209,100.33,83.61,0.076,2021
1630538,Bones Hyland,DEN,21,15,0.533,15.8,2.7,6.9,0.385,1.7,4.7,0.352,1,1.1,0.938,0.3,1.6,1.9,1.7,0.9,0.7,0.2,8,-1.1,14.8,0,0,108,111.9,-3.9,0.178,2,0.059,8.7,0.505,0.54,0.227,96.06,80.05,0.089,2021
1630539,Kai Jones,CHA,20,6,0.667,1.4,0.2,0.2,1,0,0,0,0,0,0,0,0.2,0.2,0,0.5,0,0,0.3,-2.2,0,0,0,64.8,146.7,-81.8,0,0,0.077,75,1,1,0.222,99.9,83.25,0,2021
1630540,Miles McBride,NYK,21,6,0.5,1.4,0.2,1.5,0.111,0,1,0,0,0,0,0.2,0,0.2,0.2,0,0.2,0.2,0.3,-2.8,1.8,0,0,41.5,128.8,-87.3,0.5,0,0.05,0,0.111,0.111,0.36,107.99,89.99,-0.205,2021
1630541,Moses Moody,GSW,19,15,1,5.9,0.7,1.8,0.37,0.1,1,0.133,0.1,0.1,0.5,0.1,0.7,0.7,0.2,0.1,0,0.1,1.5,-1.5,3,0,0,87.7,98.5,-10.8,0.059,3,0.056,3.1,0.407,0.412,0.134,106.06,88.38,0.044,2021
1630543,Isaiah Jackson,IND,19,5,0.4,6,0.8,2.2,0.364,0,0,0,0.2,0.4,0.5,0.6,1.2,1.8,0,0.2,0.2,0.2,1.8,-1.4,5,0,0,94,98.9,-4.9,0,0,0.13,7.8,0.364,0.379,0.188,99.7,83.08,0,2021
1630544,Tre Mann,OKC,20,13,0.308,14.5,2.5,6.3,0.402,0.8,2.5,0.313,0.8,1.2,0.733,0.5,1.3,1.8,0.2,0.8,0.5,0.3,6.7,-2.2,11,0,0,90.7,100.3,-9.6,0.029,0.3,0.057,9.8,0.463,0.491,0.214,99.39,82.83,0.06,2021
1630547,James Bouknight,CHA,21,7,0.571,1.8,0,0.9,0,0,0.1,0,0.3,0.3,1,0.1,0.1,0.3,0.3,0,0,0,0.3,-3.1,1.1,0,0,65.9,152.1,-86.2,0.4,0,0.091,0,0,0.145,0.259,102.29,85.24,-0.028,2021
1630549,Day'Ron Sharpe,BKN,20,8,0.5,4.5,1.1,2.1,0.529,0.1,0.4,0.333,0.3,0.6,0.4,1,1.1,2.1,0,0.8,0.3,0.3,2.6,0.3,5.9,0,0,87,81.4,5.6,0,0,0.239,23.8,0.559,0.547,0.287,98.43,82.02,0.171,2021
1630550,JT Thor,CHA,19,2,1,1,0,0,0,0,0,0,0,0,0,0,0,0,0,0,0,0,0,-2.5,0,0,0,0,125,-125,0,0,0,0,0,0,0,109.92,91.6,0,2021
1630551,Justin Champagnie,TOR,20,9,0.556,4,0.2,0.9,0.25,0,0.1,0,0.4,0.4,1,0.7,0.4,1.1,0.1,0,0,0.1,0.9,0.8,2.7,0,0,111.1,106.8,4.3,0.038,0,0.108,0,0.25,0.41,0.098,97.85,81.54,0.033,2021
1630552,Jalen Johnson,ATL,19,7,0.714,2.7,0.7,1.4,0.5,0.3,0.6,0.5,0.3,0.3,1,0,0.7,0.7,0,0,0,0,2,-0.9,2.9,0,0,93.4,110.5,-17.1,0,0,0.143,0,0.6,0.643,0.224,113.65,94.71,0.171,2021
1630553,Keon Johnson,LAC,19,3,0.333,5.3,0,1.3,0,0,0.3,0,1.3,1.3,1,0.3,0.7,1,0.7,0.3,0.3,0,1.3,4,4.2,0,0,149.3,109.2,40,0.125,2,0.1,11.4,0,0.347,0.184,103.17,85.98,0.018,2021
1630555,Joel Ayayi,WAS,21,3,0,2.1,0,0,0,0,0,0,0,0,0,0,0.3,0.3,0.7,0,0,0,0,1.7,1.4,0,0,100,67.6,32.4,0.5,0,0.071,0,0,0,0,87.39,72.82,0.176,2021
1630556,Kessler Edwards,BKN,21,2,0.5,5.9,1.5,3,0.5,1,2,0.5,0,0,0,0.5,1,1.5,0,0.5,0,0,4,3.5,5.3,0,0,98.3,70.2,28.1,0,0,0.107,14.3,0.667,0.667,0.212,106.51,88.76,0.173,2021
1630557,Corey Kispert,WAS,22,20,0.6,12.4,1.4,3.4,0.397,0.5,2.1,0.214,0.4,0.6,0.727,0.5,1.5,2,0.6,0.4,0.2,0.2,3.6,2.4,7.4,0,0,112.7,103.3,9.4,0.061,1.57,0.075,7.7,0.463,0.487,0.139,98.28,81.9,0.066,2021
1630558,Davion Mitchell,SAC,23,23,0.391,25.5,3.7,9.8,0.381,1.2,4.1,0.287,0.7,1.1,0.654,0.7,2,2.7,3.4,1.1,0.8,0.2,9.4,-2.7,19.7,0,0,101.2,105.5,-4.4,0.209,3.12,0.047,7.3,0.44,0.455,0.186,100.56,83.8,0.066,2021
1630559,Austin Reaves,LAL,23,12,0.667,19.8,1.9,4,0.479,0.8,2.3,0.321,0.8,0.8,0.9,0.3,1.8,2.1,1,0.8,0.3,0.2,5.3,4.6,9.8,0,0,108.6,98.3,10.3,0.065,1.2,0.05,13.4,0.573,0.611,0.109,103.73,86.44,0.05,2021
1630560,Cam Thomas,BKN,20,14,0.571,9.1,1.4,3.8,0.358,0.3,1.6,0.174,0.6,0.8,0.818,0.1,0.7,0.9,0.7,0.2,0.3,0.2,3.6,-2.7,7,0,0,97.9,110.8,-12.9,0.133,3.33,0.046,4.2,0.396,0.441,0.203,101.11,84.26,0.07,2021
1630563,Joshua Primo,SAS,18,5,0.8,5.1,0.8,1,0.8,0.6,0.8,0.75,0,0,0,0.2,0.4,0.6,0.4,0,0,0,2.2,0.8,3.5,0,0,135.8,127.6,8.2,0.08,0,0.063,0,1.1,1.1,0.083,96.01,80.01,0.1,2021
1630565,Aaron Henry,PHI,22,1,1,2.1,0,1,0,0,1,0,0,0,0,0,0,0,0,0,0,0,0,-6,0,0,0,40,160,-120,0,0,0,0,0,0,0.143,116.13,96.77,-0.1,2021
1630567,Scottie Barnes,TOR,20,20,0.35,35.4,6.3,12.9,0.486,0.6,1.7,0.353,2.3,3.2,0.73,3,5.2,8.2,3.3,2.2,1.2,0.8,15.4,-2.7,33.7,3,0,106,108.9,-2.8,0.144,1.5,0.111,11.1,0.51,0.541,0.195,97.19,80.99,0.107,2021
1630568,Luka Garza,DET,22,12,0,11,1.4,3.2,0.447,0.4,1.2,0.357,0.8,1,0.833,0.9,1.3,2.2,0.6,0.3,0.5,0.1,4.1,-4.5,9,0,0,94.1,115.9,-21.8,0.091,1.75,0.098,7.4,0.513,0.566,0.142,103.48,86.23,0.071,2021
1630570,Trendon Watford,POR,21,3,0.333,4.5,1,2,0.5,0,0,0,0,0.3,0,0,0.3,0.3,0.7,0,0.3,0.3,2,-2.7,5.4,0,0,82.3,120,-37.7,0.4,0,0.031,0,0.5,0.466,0.171,101.21,84.34,0.186,2021
1630572,Sandro Mamukelashvili,MIL,22,10,0.7,7.1,0.8,1.7,0.471,0.3,0.7,0.429,0.2,0.3,0.667,0.4,0.7,1.1,0.2,0.2,0,0.1,2.1,-3,3.8,0,0,98,116.8,-18.8,0.045,1,0.077,9,0.559,0.573,0.122,102.11,85.09,0.061,2021
1630573,Sam Hauser,BOS,23,2,1,2.5,0,1,0,0,1,0,0,0,0,0,0.5,0.5,0,0,0.5,0,0,-7,2.1,0,0,32.2,132,-99.8,0,0,0.063,0,0,0,0.125,135.62,113.02,-0.083,2021
1630578,Alperen Sengun,HOU,19,20,0.25,18,2.9,5.8,0.491,0.5,1.1,0.409,2.2,3.3,0.667,1.4,3.3,4.7,2.6,1.9,1.2,0.6,8.4,-3.7,21.2,1,0,100,110.3,-10.3,0.228,1.37,0.122,16.2,0.53,0.576,0.202,106.01,88.34,0.107,2021
1630579,Jericho Sims,NYK,23,8,0.5,6.7,0.4,0.4,1,0,0,0,0.4,0.5,0.75,0.3,1.5,1.8,0,0.3,0.3,0.4,1.1,1.1,4.9,0,0,99.6,88.4,11.3,0,0,0.11,29.6,1,0.945,0.053,101.08,84.23,0.111,2021
1630580,Joe Wieskamp,SAS,22,2,1,2.5,0.5,0.5,1,0.5,0.5,1,0,0,0,0,0,0,0,0,0,0,1.5,-2.5,1.5,0,0,192.3,225,-32.7,0,0,0,0,1.5,1.5,0.091,81.87,68.23,0.092,2021
1630581,Josh Giddey,OKC,19,20,0.3,29.4,4.3,11,0.391,0.9,3.5,0.257,0.9,1.3,0.654,1.6,5.6,7.2,5.8,2.8,1,0.7,10.4,-7.6,29.8,3,0,97,111,-13.9,0.322,2.11,0.112,13.7,0.432,0.447,0.208,99.62,83.02,0.103,2021
1630582,Yves Pons,MEM,22,1,0,2.8,0,1,0,0,0,0,0,0,0,1,0,1,0,0,0,0,0,-3,1.2,0,0,33.3,100,-66.7,0,0,0.111,0,0,0,0.111,96,80,-0.083,2021
1630583,Santi Aldama,MEM,20,10,0.4,8.4,1.2,3.6,0.333,0.3,1.9,0.158,0.3,0.5,0.6,0.8,1.3,2.1,0.9,0,0,0.2,3,-0.5,7.5,0,0,97.4,103.4,-6,0.164,0,0.102,0,0.375,0.393,0.176,99.53,82.94,0.073,2021
1630585,Marcus Garrett,MIA,23,4,1,2.4,0,0.3,0,0,0,0,0,0,0,0,0.3,0.3,0.5,0,0,0,0,0.5,1.1,0,0,132.2,111.4,20.9,0.25,0,0.056,0,0,0,0.048,104.28,86.9,0.027,2021
1630586,Usman Garuba,HOU,19,7,0.143,6.4,0.7,2,0.357,0.3,1.1,0.25,0,0,0,0.9,1.7,2.6,0.9,0.3,0.3,0.6,1.7,2.9,8.4,0,0,110.1,87.9,22.3,0.167,3,0.176,9.1,0.429,0.429,0.145,102.59,85.49,0.128,2021
1630591,Jalen Suggs,ORL,20,21,0.19,27.7,4.1,12.2,0.339,1.2,4.9,0.255,2.8,3.6,0.763,0.8,2.6,3.4,3.6,3.2,1.1,0.4,12.3,-4.5,23.2,0,0,97.5,106,-8.5,0.203,1.12,0.055,15.5,0.389,0.444,0.254,101.49,84.58,0.051,2021
1630593,McKinley Wright IV,MIN,23,1,1,4.1,1,1,1,1,1,1,0,0,0,0,0,0,0,1,0,0,3,-6,2,0,0,101.4,171.2,-69.9,0,0,0,50,1.5,1.5,0.182,110.32,91.94,0.08,2021
1630595,Cade Cunningham,DET,20,16,0.25,31.4,5.1,14.1,0.36,2,7.3,0.274,1.7,2,0.844,1,5.6,6.6,4.6,3.6,1.3,0.6,13.8,-5.3,30.5,3,1,97.3,106.3,-8.9,0.26,1.26,0.1,15.7,0.431,0.462,0.251,98.79,82.33,0.093,2021
1630596,Evan Mobley,CLE,20,18,0.667,33.7,5.7,11.6,0.49,0.7,1.9,0.343,2.5,3.2,0.776,1.6,6.6,8.2,2.6,1.9,0.9,1.9,14.5,2.4,34.7,5,0,103.4,99.1,4.3,0.123,1.31,0.116,11.1,0.519,0.559,0.193,98.41,82.01,0.126,2021
1630598,Aaron Wiggins,OKC,22,9,0.111,14.4,0.9,2,0.444,0.7,1.8,0.375,0.4,0.8,0.571,0.1,1.4,1.6,1.1,0.8,0.3,0.1,2.9,0.4,7,0,0,105.7,102.9,2.8,0.111,1.43,0.051,18.4,0.611,0.617,0.092,99.3,82.75,0.037,2021
1630605,JaQuori McLaughlin,DAL,23,2,0.5,2.7,0,0.5,0,0,0,0,0,0,0,0,0,0,1,0,0,0,0,-1.5,1.5,0,0,110.5,142.9,-32.3,0.4,0,0,0,0,0,0.067,113.8,94.83,0.041,2021
1630610,DeJon Jarreau,IND,23,1,0,0.9,0,0,0,0,0,0,0,0,0,0,0,0,0,0,0,0,0,2,0,0,0,212.8,200,12.8,0,0,0,0,0,0,0,111.41,92.84,0,2021
1630612,RJ Nembhard Jr.,CLE,22,2,0,1.6,0.5,0.5,1,0,0,0,0,0,0,0,0.5,0.5,0.5,0,0,0,1,0.5,2.4,0,0,87.2,71.4,15.8,1,0,0.143,0,1,1,0.111,110.2,91.84,0.4,2021
1630613,Duane Washington Jr.,IND,21,2,0.5,2.2,1,1.5,0.667,0.5,1,0.5,0,0,0,0,0.5,0.5,0,0,0,0,2.5,-3,3.1,0,0,111.3,162.8,-51.5,0,0,0.2,0,0.833,0.833,0.25,121.71,101.42,0.159,2021
1630625,Dalano Banton,TOR,22,22,0.409,13,1.8,3.5,0.5,0.2,0.7,0.313,0.8,1.1,0.75,0.6,1.7,2.3,1.5,1.1,0.4,0.2,4.6,0,10.3,0,0,106.5,108.6,-2.1,0.158,1.28,0.086,17.2,0.532,0.57,0.163,98.93,82.44,0.081,2021
1630631,Jose Alvarado,NOP,23,7,0.143,5.4,0.7,1.9,0.385,0.3,0.7,0.4,0.3,0.4,0.667,0.3,0.4,0.7,1.3,0,0.4,0,2,4.4,6.1,0,0,127.9,96.5,31.4,0.281,0,0.059,0,0.462,0.489,0.141,109.65,91.37,0.109,2021
1630643,Jay Huff,LAL,24,1,0,8.1,0,1,0,0,1,0,0,0,0,1,1,2,1,0,0,0,0,17,3.9,0,0,123.9,29.6,94.3,0.125,0,0.105,0,0,0,0.05,107.33,89.44,0.071,2021
1630647,Eugene Omoruyi,DAL,24,3,0.333,5.3,0.7,1.7,0.4,0.3,0.7,0.5,0.7,1.3,0.5,0.7,1.3,2,0.7,0,0,0,2.3,1,5.7,0,0,108.6,99.4,9.2,0.182,0,0.188,0,0.5,0.518,0.175,107.85,89.87,0.133,2021
1630686,Georgios Kalaitzakis,MIL,22,9,0.778,5.3,0.6,1.2,0.455,0.2,0.4,0.5,0.4,1,0.444,0.4,0.4,0.9,0,0.4,0.1,0.1,1.8,-5.4,3.1,0,0,82.2,128.5,-46.3,0,0,0.081,21.1,0.545,0.535,0.171,101.94,84.95,0.003,2021
1630688,Ish Wainright,PHX,27,3,1,2.5,0.3,1,0.333,0,0.3,0,0,0,0,0.3,0.3,0.7,0.3,0.3,0,0,0.7,1.7,1.6,0,0,90.2,48,42.2,0.333,1,0.091,20,0.333,0.333,0.211,112.35,93.62,0.111,2021
1630691,Jamorko Pickett,DET,23,3,0,2.9,0.3,0.3,1,0.3,0.3,1,0,0,0,0,0,0,0,0.3,0,0,1,2.7,0.7,0,0,101.4,60.5,40.9,0,0,0,50,1.5,1.5,0.105,98.05,81.71,0.093,2021
1630698,Kevin Pangos,CLE,28,7,0.714,3.1,0.1,0.4,0.333,0.1,0.3,0.5,0.1,0.3,0.5,0.1,0,0.1,0.3,0.4,0.1,0,0.6,-3.7,1.2,0,0,74.4,132.3,-57.9,0.2,0.67,0.026,33.8,0.5,0.515,0.146,98.52,82.1,-0.006,2021
